selector,comparisons,datasets,avg_gainQ,median_gainQ,avg_sr,avg_delta_sr,avg_C,avg_cancel,positive_year_frac
allpast,44,18,0.06760144633425322,0.03952845811775919,1.1085352408053082,0.5502277299676942,13.854665711239381,1.8937965455591927,0.6174938771863906
current,44,18,0.05084799486877325,0.021297649852189675,1.0567989438894072,0.49849143305179316,15.010948221650445,1.9352658889233005,0.6023369651113811
gate2,44,18,0.06927456246019811,0.04234147167704075,1.0802985279474915,0.5219910171098776,12.493373248659275,1.8556924077559442,0.5970156825068167
mean3,44,18,0.07218611322767333,0.04547817473780254,1.1191335953808126,0.5608260845431985,13.985453651343391,1.8832840367286559,0.6713815100213918
median3,44,18,0.06750472290327551,0.03952845811775919,1.10760136848051,0.5492938576428957,13.838825490853706,1.8940009585092588,0.6174938771863906
minimax,44,18,0.07220877459164175,0.04714190388571463,1.0914197316075496,0.5331122207699356,11.912069063859803,1.8039882884304956,0.6018662612210318
recent,44,18,0.060481169569014344,0.027658687553053278,1.0965503920441728,0.5382428812065587,13.09074702114035,1.8207896757034745,0.5939109821832169
stack2,44,18,0.07018177536656504,0.045078250795670995,1.108619429489243,0.5503119186516289,13.507237016298488,1.8859942324091572,0.6221171778623228
stack3,44,18,0.07264721024381694,0.046937997950251886,1.1204552079788337,0.5621476971412196,13.8986503599778,1.8697695241695136,0.6311152747087169
