dataset,location,weighting,T,start_year,end_year,n_years,n_months,selector,base_sr,sr,delta_sr,gainQ,meanC,sd_monthly_C,mean_cancellation,p95_cancellation,positive_year_frac
world_market_vwcap,world,vw_cap,60,2005,2025,21,252,current,0.5075712691964234,2.1699164331483174,1.662345163951894,0.3095006099006951,17.333333333333332,3.7787411213460227,2.9925162899639264,4.222726171528458,0.8095238095238095
world_market_vwcap,world,vw_cap,60,2005,2025,21,252,gate2,0.5075712691964234,2.1864285429610435,1.6788572737646201,0.3145310634402611,16.952380952380953,3.892698534204964,2.9398517454111657,4.222726171528458,0.8571428571428571
world_market_vwcap,world,vw_cap,60,2005,2025,21,252,median3,0.5075712691964234,2.1645777346393946,1.6570064654429713,0.30132123491093227,17.714285714285715,3.6212237214443523,2.983240135608021,4.222726171528458,0.8095238095238095
world_market_vwcap,world,vw_cap,60,2005,2025,21,252,cons_mean,0.5075712691964234,2.1888257629612786,1.6812544937648553,0.31200128804317107,17.333333333333332,3.5705747414196143,2.9615459405095934,4.222726171528458,0.8095238095238095
world_market_vwcap,world,vw_cap,60,2005,2025,21,252,cons_stack,0.5075712691964234,2.179324196082531,1.6717529268861075,0.30826564040179755,17.432521873528998,3.554009800203011,2.9685604999775785,4.222726171528458,0.8095238095238095
world_market_vwcap,world,vw_cap,60,2005,2025,21,252,stack3,0.5075712691964234,2.2363556963960582,1.7287844271996349,0.3207090216443648,17.86976488212479,2.5181112383084696,2.980856362061314,4.197689306116102,0.7142857142857143
world_market_vwcap,world,vw_cap,120,2006,2025,20,240,current,0.6634062446932091,2.224129267941158,1.5607230232479492,0.24265386578413636,24.4,7.803443076576672,3.9189142766240534,5.896244685576768,0.75
world_market_vwcap,world,vw_cap,120,2006,2025,20,240,gate2,0.6634062446932091,2.199651550024754,1.536245305331545,0.2654206154649272,20.0,4.390937795964943,3.3315870508052976,4.918381283670155,0.8
world_market_vwcap,world,vw_cap,120,2006,2025,20,240,median3,0.6634062446932091,2.2008475667260954,1.5374413220328864,0.2624391551682818,22.0,6.144698705040974,3.4723327846527297,5.179551817370106,0.75
world_market_vwcap,world,vw_cap,120,2006,2025,20,240,cons_mean,0.6634062446932091,2.2058142496394844,1.5424080049462754,0.26543387588061784,21.0,4.721534393530211,3.401959917729014,4.918381283670155,0.8
world_market_vwcap,world,vw_cap,120,2006,2025,20,240,cons_stack,0.6634062446932091,2.204098912009809,1.5406926673166002,0.26474109736812196,21.215150699787028,4.80842748610629,3.4085712651564837,4.918381283670155,0.8
world_market_vwcap,world,vw_cap,120,2006,2025,20,240,stack3,0.6634062446932091,2.271343098631229,1.6079368539380199,0.2739209276859249,23.0030571684191,4.475300362935515,3.621213346233364,5.232260532740449,0.8
world_market_vwcap,world,vw_cap,240,2016,2025,10,120,current,0.8287635039235989,2.153548044116122,1.3247845401925233,0.164741658297114,34.4,4.820125874432965,5.0100887369851375,7.135415273438149,0.9
world_market_vwcap,world,vw_cap,240,2016,2025,10,120,gate2,0.8287635039235989,2.153548044116122,1.3247845401925233,0.164741658297114,34.4,4.820125874432965,5.0100887369851375,7.135415273438149,0.9
world_market_vwcap,world,vw_cap,240,2016,2025,10,120,median3,0.8287635039235989,2.258432608432297,1.4296691045086982,0.1902455674818323,36.0,0.0,5.35518456855179,7.296406975902779,0.9
world_market_vwcap,world,vw_cap,240,2016,2025,10,120,cons_mean,0.8287635039235989,2.214677385421581,1.3859138814979821,0.1810791909060292,35.2,2.410062937216482,5.182636652768464,7.135415273438149,0.9
world_market_vwcap,world,vw_cap,240,2016,2025,10,120,cons_stack,0.8287635039235989,2.225913027205286,1.397149523281687,0.18372627685824341,35.37708853751736,1.8765697861208885,5.220831975340636,7.135415273438149,0.9
world_market_vwcap,world,vw_cap,240,2016,2025,10,120,stack3,0.8287635039235989,2.2136536431286262,1.3848901392050275,0.18860616539709332,34.32618191619907,3.037615732308308,5.0607099091670795,7.135415273438149,0.9
world_ex_us_market_vwcap,world_ex_us,vw_cap,60,2007,2025,19,228,current,0.9795043296421203,2.715864197294896,1.7363598676527756,0.33253187753662244,18.31578947368421,3.268635597484034,2.1049463997637607,3.1538802412763496,0.7894736842105263
world_ex_us_market_vwcap,world_ex_us,vw_cap,60,2007,2025,19,228,gate2,0.9795043296421203,2.7910617240564273,1.811557394414307,0.35013391613504913,17.473684210526315,3.7268179818555334,2.024739453656056,3.082536710203364,0.8421052631578947
world_ex_us_market_vwcap,world_ex_us,vw_cap,60,2007,2025,19,228,median3,0.9795043296421203,2.812163573890163,1.8326592442480427,0.3508369404578597,18.31578947368421,3.268635597484034,2.044281305622362,3.082536710203364,0.8421052631578947
world_ex_us_market_vwcap,world_ex_us,vw_cap,60,2007,2025,19,228,cons_mean,0.9795043296421203,2.8053815277266074,1.8258771980844872,0.35144120796002704,17.894736842105264,3.2822266565117,2.034510379639209,3.082536710203364,0.8421052631578947
world_ex_us_market_vwcap,world_ex_us,vw_cap,60,2007,2025,19,228,cons_stack,0.9795043296421203,2.811046604957912,1.8315422753157917,0.3512152195124684,18.19976023164581,3.22767025325371,2.0417019678280073,3.082536710203364,0.8421052631578947
world_ex_us_market_vwcap,world_ex_us,vw_cap,60,2007,2025,19,228,stack3,0.9795043296421203,2.783357049973307,1.8038527203311867,0.34584432237828205,17.881593372733988,2.8476138545840772,2.035465959845008,2.9588928076825916,0.8421052631578947
world_ex_us_market_vwcap,world_ex_us,vw_cap,120,2012,2025,14,168,current,1.4128254025016607,2.552042415745524,1.1392170132438633,0.1866558094437858,20.285714285714285,7.50021385494936,2.1325287087409777,3.4864428675525203,0.7857142857142857
world_ex_us_market_vwcap,world_ex_us,vw_cap,120,2012,2025,14,168,gate2,1.4128254025016607,2.589174911725265,1.1763495092236043,0.1969344038360447,19.142857142857142,6.099264424370514,2.0093556598149993,3.037950767551967,0.7857142857142857
world_ex_us_market_vwcap,world_ex_us,vw_cap,120,2012,2025,14,168,median3,1.4128254025016607,2.6891091284023303,1.2762837259006696,0.21224530054988305,21.142857142857142,4.132948830961964,2.091926982344967,3.037950767551967,0.7857142857142857
world_ex_us_market_vwcap,world_ex_us,vw_cap,120,2012,2025,14,168,cons_mean,1.4128254025016607,2.6497835153600326,1.236958112858372,0.20756734416523948,20.142857142857142,4.82295622600006,2.050641321079983,3.037950767551967,0.7857142857142857
world_ex_us_market_vwcap,world_ex_us,vw_cap,120,2012,2025,14,168,cons_stack,1.4128254025016607,2.6877990199805577,1.274973617478897,0.212328826889961,21.07092862591822,4.161047891035549,2.088668040881975,3.037950767551967,0.7857142857142857
world_ex_us_market_vwcap,world_ex_us,vw_cap,120,2012,2025,14,168,stack3,1.4128254025016607,2.7519724110524244,1.3391470085507637,0.22961128527348418,21.192721797234952,4.804311615665108,2.1350052995818074,3.037950767551967,0.7857142857142857
world_ex_us_market_vwcap,world_ex_us,vw_cap,240,2022,2025,4,48,current,2.214016229593656,2.861993537479501,0.6479773078858448,0.0865364137024705,36.0,0.0,3.961313527641701,4.230981756555729,0.75
world_ex_us_market_vwcap,world_ex_us,vw_cap,240,2022,2025,4,48,gate2,2.214016229593656,2.861993537479501,0.6479773078858448,0.0865364137024705,36.0,0.0,3.961313527641701,4.230981756555729,0.75
world_ex_us_market_vwcap,world_ex_us,vw_cap,240,2022,2025,4,48,median3,2.214016229593656,2.861993537479501,0.6479773078858448,0.0865364137024705,36.0,0.0,3.961313527641701,4.230981756555729,0.75
world_ex_us_market_vwcap,world_ex_us,vw_cap,240,2022,2025,4,48,cons_mean,2.214016229593656,2.861993537479501,0.6479773078858448,0.0865364137024705,36.0,0.0,3.961313527641701,4.230981756555729,0.75
world_ex_us_market_vwcap,world_ex_us,vw_cap,240,2022,2025,4,48,cons_stack,2.214016229593656,2.861993537479501,0.6479773078858448,0.0865364137024705,36.0,0.0,3.961313527641701,4.230981756555729,0.75
world_ex_us_market_vwcap,world_ex_us,vw_cap,240,2022,2025,4,48,stack3,2.214016229593656,2.9173849381916144,0.7033687085979583,0.10600193985958149,34.220803812585,3.114269241004507,3.803440829491651,4.230981756555729,0.75
developed_market_vwcap,developed,vw_cap,60,2007,2025,19,228,current,0.6489728167403128,1.9178066910753788,1.268833874335066,0.23029308725024167,17.473684210526315,3.7268179818555334,2.075185057110124,3.1206685393646336,0.7368421052631579
developed_market_vwcap,developed,vw_cap,60,2007,2025,19,228,gate2,0.6489728167403128,2.0039629139963866,1.3549900972560738,0.2657312894839832,15.368421052631579,3.9585142896552816,1.9949958059899178,2.8657582780066826,0.7894736842105263
developed_market_vwcap,developed,vw_cap,60,2007,2025,19,228,median3,0.6489728167403128,1.9639440562280754,1.3149712394877626,0.24495749695086136,16.63157894736842,3.958514289655281,2.0693078825724913,2.8657582780066826,0.7368421052631579
developed_market_vwcap,developed,vw_cap,60,2007,2025,19,228,cons_mean,0.6489728167403128,1.9919388375285514,1.3429660207882386,0.2584217556625257,16.0,3.6787279931488674,2.0321518442812043,2.8657582780066826,0.7368421052631579
developed_market_vwcap,developed,vw_cap,60,2007,2025,19,228,cons_stack,0.6489728167403128,1.9843131708204174,1.3353403540801045,0.25550760570741815,16.11969760088956,3.6930387531377495,2.039938212804103,2.8657582780066826,0.7368421052631579
developed_market_vwcap,developed,vw_cap,60,2007,2025,19,228,stack3,0.6489728167403128,1.9810132143909487,1.3320403976506359,0.2539667324579329,16.231822796143277,2.479812282497194,2.02267733187331,2.665692253037637,0.7368421052631579
developed_market_vwcap,developed,vw_cap,120,2012,2025,14,168,current,1.2317494662089803,2.1125674079252814,0.8808179417163011,0.15250902346963624,18.0,3.939664717184996,2.042533465392188,2.548650075674854,0.8571428571428571
developed_market_vwcap,developed,vw_cap,120,2012,2025,14,168,gate2,1.2317494662089803,2.1738028977467363,0.942053431537756,0.1676059763820526,16.857142857142858,4.336567414159898,1.9645689734522875,2.39905742980839,0.8571428571428571
developed_market_vwcap,developed,vw_cap,120,2012,2025,14,168,median3,1.2317494662089803,2.181226613499925,0.9494771472909449,0.16438201531329125,18.857142857142858,2.8077858267557927,2.065645831004499,2.4301704444717274,0.7857142857142857
developed_market_vwcap,developed,vw_cap,120,2012,2025,14,168,cons_mean,1.2317494662089803,2.190367603148101,0.9586181369391207,0.1693199136643825,17.857142857142858,3.076442681455971,2.0151074022283932,2.39905742980839,0.8571428571428571
developed_market_vwcap,developed,vw_cap,120,2012,2025,14,168,cons_stack,1.2317494662089803,2.187469351169264,0.9557198849602837,0.16628602254943048,18.71058361234078,2.777215757508936,2.057599602502172,2.39905742980839,0.7857142857142857
developed_market_vwcap,developed,vw_cap,120,2012,2025,14,168,stack3,1.2317494662089803,2.1731554723661697,0.9414060061571894,0.1648969664792213,18.692567420423345,1.711275925496246,2.058465396806305,2.300333336920007,0.7857142857142857
developed_market_vwcap,developed,vw_cap,240,2022,2025,4,48,current,2.3486250828976565,2.351884705922668,0.003259623025011482,-0.03401556609682823,32.0,7.001519591898939,2.819637689546932,3.394111702254634,0.5
developed_market_vwcap,developed,vw_cap,240,2022,2025,4,48,gate2,2.3486250828976565,2.7376053649459675,0.38898028204831103,0.08527700932991245,24.0,7.001519591898939,2.474321952761986,3.394111702254634,1.0
developed_market_vwcap,developed,vw_cap,240,2022,2025,4,48,median3,2.3486250828976565,2.6016475353507347,0.2530224524530782,0.0546072807927131,28.0,8.084658442238581,2.791787930256183,3.7223613977611727,0.75
developed_market_vwcap,developed,vw_cap,240,2022,2025,4,48,cons_mean,2.3486250828976565,2.6966143661864184,0.3479892832887619,0.07695472374566796,26.0,6.703444652771138,2.6330549415090845,3.394111702254634,1.0
developed_market_vwcap,developed,vw_cap,240,2022,2025,4,48,cons_stack,2.3486250828976565,2.690568330620191,0.3419432477225346,0.07561505450148379,26.168249474247194,6.760933201638163,2.646408312460277,3.394111702254634,1.0
developed_market_vwcap,developed,vw_cap,240,2022,2025,4,48,stack3,2.3486250828976565,2.5717980842719403,0.22317300137428386,0.0458083488632254,28.6864164198729,4.617631772552654,2.7427528252253524,3.394111702254634,0.75
emerging_market_vwcap,emerging,vw_cap,60,2018,2025,8,96,current,1.4891904244156224,2.0172841196050633,0.5280936951894408,0.09051940191600683,15.0,3.8933141071383006,2.1888340621922144,4.296006263567552,0.625
emerging_market_vwcap,emerging,vw_cap,60,2018,2025,8,96,gate2,1.4891904244156224,1.9908004609995693,0.5016100365839469,0.0841073199003648,13.0,2.659639864817475,1.9170032987156442,3.297491281596045,0.625
emerging_market_vwcap,emerging,vw_cap,60,2018,2025,8,96,median3,1.4891904244156224,1.8170247409169078,0.32783431650128536,0.024061975218975518,14.0,3.482286000528056,1.919391171468014,3.297491281596045,0.625
emerging_market_vwcap,emerging,vw_cap,60,2018,2025,8,96,cons_mean,1.4891904244156224,1.9125762851029933,0.42338586068737083,0.05914883790380074,13.5,2.798495836582292,1.918197235091829,3.297491281596045,0.625
emerging_market_vwcap,emerging,vw_cap,60,2018,2025,8,96,cons_stack,1.4891904244156224,1.8759417142885113,0.38675128987288887,0.046346156016734585,13.69975555111396,3.020451337535094,1.918674225929469,3.297491281596045,0.625
emerging_market_vwcap,emerging,vw_cap,60,2018,2025,8,96,stack3,1.4891904244156224,1.906180343185747,0.4169899187701245,0.05099535262157765,14.647938160341553,2.7998457189777217,2.0318286052431946,3.631961888266273,0.75
emerging_market_vwcap,emerging,vw_cap,120,2023,2025,3,36,current,1.6360940011905694,2.415004958541138,0.7789109573505688,0.14539361590366648,20.0,0.0,1.8826146798956362,2.1459100539792195,1.0
emerging_market_vwcap,emerging,vw_cap,120,2023,2025,3,36,gate2,1.6360940011905694,2.415004958541138,0.7789109573505688,0.14539361590366648,20.0,0.0,1.8826146798956362,2.1459100539792195,1.0
emerging_market_vwcap,emerging,vw_cap,120,2023,2025,3,36,median3,1.6360940011905694,2.415004958541138,0.7789109573505688,0.14539361590366648,20.0,0.0,1.8826146798956362,2.1459100539792195,1.0
emerging_market_vwcap,emerging,vw_cap,120,2023,2025,3,36,cons_mean,1.6360940011905694,2.415004958541138,0.7789109573505688,0.14539361590366648,20.0,0.0,1.8826146798956362,2.1459100539792195,1.0
emerging_market_vwcap,emerging,vw_cap,120,2023,2025,3,36,cons_stack,1.6360940011905694,2.415004958541138,0.7789109573505688,0.14539361590366648,20.0,0.0,1.8826146798956362,2.1459100539792195,1.0
emerging_market_vwcap,emerging,vw_cap,120,2023,2025,3,36,stack3,1.6360940011905694,2.405929417709402,0.7698354165188328,0.1472945039741934,15.948891506513933,0.14392449989033,1.778768163273616,2.0000024988982075,1.0
usa_market_vwcap,usa,vw_cap,60,2005,2025,21,252,current,0.07736820530024761,0.5207393601704557,0.4433711548702081,0.039159477138559294,10.571428571428571,3.6662095919041597,2.497178657022654,4.393029362053573,0.6666666666666666
usa_market_vwcap,usa,vw_cap,60,2005,2025,21,252,gate2,0.07736820530024761,0.45926445930117465,0.381896254000927,0.04396286235107538,9.047619047619047,1.918071503501397,2.1585443032864498,3.102154449420449,0.7142857142857143
usa_market_vwcap,usa,vw_cap,60,2005,2025,21,252,median3,0.07736820530024761,0.4843531416286852,0.4069849363284376,0.04855789638952344,9.333333333333334,1.8893705606730116,2.1612342950262065,3.102154449420449,0.7142857142857143
usa_market_vwcap,usa,vw_cap,60,2005,2025,21,252,cons_mean,0.07736820530024761,0.47215509988079324,0.3947868945805456,0.046513499039669365,9.19047619047619,1.8454824166131898,2.159889299156328,3.102154449420449,0.7142857142857143
usa_market_vwcap,usa,vw_cap,60,2005,2025,21,252,cons_stack,0.07736820530024761,0.48231993454889616,0.40495172924864853,0.048338980160331224,9.2954845988612,1.8427755303216478,2.160920393859561,3.102154449420449,0.7142857142857143
usa_market_vwcap,usa,vw_cap,60,2005,2025,21,252,stack3,0.07736820530024761,0.47399722071277073,0.3966290154125231,0.04766338567310045,9.660576581187978,1.5889614480447063,2.189110402634312,2.99004530839501,0.6666666666666666
usa_market_vwcap,usa,vw_cap,120,2005,2025,21,252,current,0.4417733610848521,0.9753332988047028,0.5335599377198507,0.0626897268881987,16.285714285714285,6.193245443965344,2.4770448077764153,4.100413138599205,0.5714285714285714
usa_market_vwcap,usa,vw_cap,120,2005,2025,21,252,gate2,0.4417733610848521,0.9301962330134549,0.4884228719286028,0.05984109468358994,14.761904761904763,4.3058906587831,2.313858106883465,3.5780489779239244,0.6190476190476191
usa_market_vwcap,usa,vw_cap,120,2005,2025,21,252,median3,0.4417733610848521,0.99556521312246,0.553791852037608,0.0645788480021753,15.80952380952381,4.00341345532179,2.42319190952756,3.7967298253877324,0.5714285714285714
usa_market_vwcap,usa,vw_cap,120,2005,2025,21,252,cons_mean,0.4417733610848521,0.972028871282488,0.530255510197636,0.06517348905852802,15.285714285714286,3.801566342848428,2.3685250082055127,3.5780489779239244,0.6190476190476191
usa_market_vwcap,usa,vw_cap,120,2005,2025,21,252,cons_stack,0.4417733610848521,0.9874966682639952,0.5457233071791431,0.06673418508059312,15.486679116814493,3.782287764195909,2.3898923159990195,3.624666206055025,0.6190476190476191
usa_market_vwcap,usa,vw_cap,120,2005,2025,21,252,stack3,0.4417733610848521,1.0492031558520771,0.607429794767225,0.07701642302505594,16.337775670783653,2.721044808340382,2.427453565643031,3.5179082374227653,0.6190476190476191
usa_market_vwcap,usa,vw_cap,240,2005,2025,21,252,current,0.33251353331949046,1.1139651184673336,0.7814515851478432,0.09656935106888413,21.333333333333332,7.952047520038859,2.0803626506114528,4.16848321828537,0.6666666666666666
usa_market_vwcap,usa,vw_cap,240,2005,2025,21,252,gate2,0.33251353331949046,1.1241952616976147,0.7916817283781243,0.10825063686625111,18.285714285714285,3.621223721444352,1.8228177395516612,2.8955038971883775,0.7142857142857143
usa_market_vwcap,usa,vw_cap,240,2005,2025,21,252,median3,0.33251353331949046,1.1772508652357527,0.8447373319162623,0.11526033601592257,20.0,0.0,1.8791307133844934,2.9557361426160234,0.7142857142857143
usa_market_vwcap,usa,vw_cap,240,2005,2025,21,252,cons_mean,0.33251353331949046,1.155747429228954,0.8232338959094636,0.11303553882497487,19.142857142857142,1.810611860722176,1.850974226468077,2.8955038971883775,0.7142857142857143
usa_market_vwcap,usa,vw_cap,240,2005,2025,21,252,cons_stack,0.33251353331949046,1.1720703711507676,0.8395568378312772,0.11524923728282395,19.54462564943282,0.9813488327729986,1.8674325304190145,2.9180803460715925,0.7142857142857143
usa_market_vwcap,usa,vw_cap,240,2005,2025,21,252,stack3,0.33251353331949046,1.11507765685955,0.7825641235400596,0.10080286710085747,20.717583880526195,3.2585120261436065,1.933355060518724,2.9220638281730733,0.7142857142857143
gbr_market_vwcap,gbr,vw_cap,60,2005,2025,21,252,current,0.3646944895050563,0.7610200480128158,0.39632555850775947,0.0543858023906251,11.238095238095237,3.4141224661691814,2.01112618509832,2.8745785057845152,0.47619047619047616
gbr_market_vwcap,gbr,vw_cap,60,2005,2025,21,252,gate2,0.3646944895050563,0.7301904087022206,0.36549591919716434,0.05584422598511791,10.19047619047619,2.1338265413557385,1.9865264032742755,2.823579965784369,0.5238095238095238
gbr_market_vwcap,gbr,vw_cap,60,2005,2025,21,252,median3,0.3646944895050563,0.7644510605144501,0.3997565710093938,0.059368811830766186,10.380952380952381,2.1080651155948513,1.9843025325474657,2.823579965784369,0.5238095238095238
gbr_market_vwcap,gbr,vw_cap,60,2005,2025,21,252,cons_mean,0.3646944895050563,0.7481789738701649,0.38348448436510857,0.05806010193737883,10.285714285714286,2.0776064333138984,1.9854144679108707,2.823579965784369,0.5238095238095238
gbr_market_vwcap,gbr,vw_cap,60,2005,2025,21,252,cons_stack,0.3646944895050563,0.7644510605144501,0.3997565710093938,0.059368811830766186,10.380952380952381,2.1080651155948513,1.9843025325474657,2.823579965784369,0.5238095238095238
gbr_market_vwcap,gbr,vw_cap,60,2005,2025,21,252,stack3,0.3646944895050563,0.7834608131668518,0.4187663236617955,0.06386532751697993,10.739109900942465,1.9814443373342348,1.9572276743570083,2.8615435830339835,0.5238095238095238
gbr_market_vwcap,gbr,vw_cap,120,2007,2025,19,228,current,0.22464801258040884,0.6502439455113617,0.4255959329309528,0.05432484675713107,11.578947368421053,4.243460346848947,1.6925514599001648,2.171664649563283,0.631578947368421
gbr_market_vwcap,gbr,vw_cap,120,2007,2025,19,228,gate2,0.22464801258040884,0.6720599913655605,0.44741197878515165,0.06603966974562733,10.31578947368421,2.2773188868297773,1.7031925937610444,2.1685417054873937,0.6842105263157895
gbr_market_vwcap,gbr,vw_cap,120,2007,2025,19,228,median3,0.22464801258040884,0.7646282496993034,0.5399802371188946,0.07887007646980254,10.947368421052632,1.7652649787399564,1.7095712293452483,2.1685417054873937,0.6842105263157895
gbr_market_vwcap,gbr,vw_cap,120,2007,2025,19,228,cons_mean,0.22464801258040884,0.7217776689550593,0.4971296563746505,0.07352242398452082,10.631578947368421,1.8165327766218857,1.7063819115531462,2.1685417054873937,0.6842105263157895
gbr_market_vwcap,gbr,vw_cap,120,2007,2025,19,228,cons_stack,0.22464801258040884,0.7646282496993034,0.5399802371188946,0.07887007646980254,10.947368421052632,1.7652649787399564,1.7095712293452483,2.1685417054873937,0.6842105263157895
gbr_market_vwcap,gbr,vw_cap,120,2007,2025,19,228,stack3,0.22464801258040884,0.7462515021026961,0.5216034895222872,0.07377288700677695,11.330131706839687,1.898450243925435,1.7039291051783194,2.1482327070109903,0.6842105263157895
gbr_market_vwcap,gbr,vw_cap,240,2017,2025,9,108,current,0.667870181634447,1.053661975753352,0.3857917941189051,0.03459977590419884,19.11111111111111,2.525878521484347,1.7008277634708748,1.9951054432289275,0.6666666666666666
gbr_market_vwcap,gbr,vw_cap,240,2017,2025,9,108,gate2,0.667870181634447,1.109229824541546,0.44135964290709895,0.04843359025108563,18.22222222222222,3.3414232049035495,1.7058143155308116,1.9951054432289275,0.7777777777777778
gbr_market_vwcap,gbr,vw_cap,240,2017,2025,9,108,median3,0.667870181634447,1.1385324494194347,0.47066226778498765,0.044514483769134965,21.77777777777778,8.281646562244218,1.712642726271864,1.9951054432289275,0.7777777777777778
gbr_market_vwcap,gbr,vw_cap,240,2017,2025,9,108,cons_mean,0.667870181634447,1.1323366804235004,0.46446649878905344,0.049179741297231225,20.0,5.358197492985097,1.709228520901338,1.9951054432289275,0.7777777777777778
gbr_market_vwcap,gbr,vw_cap,240,2017,2025,9,108,cons_stack,0.667870181634447,1.1192381711656871,0.45136798953124013,0.04481664803846851,20.36571781349148,5.960963833342545,1.7086276468451649,1.9951054432289275,0.7777777777777778
gbr_market_vwcap,gbr,vw_cap,240,2017,2025,9,108,stack3,0.667870181634447,1.0902925420777492,0.42242236044330217,0.03680008480925306,21.473597576531045,5.5277671583949015,1.6848306494482281,1.8885260847859844,0.6666666666666666
jpn_market_vwcap,jpn,vw_cap,60,2005,2025,21,252,current,0.4140419523631967,0.5837547562372335,0.1697128038740368,0.0019279329866239985,9.571428571428571,2.5229735552745463,2.3033475278516007,3.9383289657658183,0.5714285714285714
jpn_market_vwcap,jpn,vw_cap,60,2005,2025,21,252,gate2,0.4140419523631967,0.5676955168242421,0.15365356446104544,0.0021911962436963104,8.80952380952381,2.2642704979478627,2.2905079167817157,3.9383289657658183,0.6190476190476191
jpn_market_vwcap,jpn,vw_cap,60,2005,2025,21,252,median3,0.4140419523631967,0.6277728182221097,0.21373086585891304,0.007089310782509963,9.619047619047619,2.1080651155948513,2.4516394671532242,4.1069175948821375,0.6666666666666666
jpn_market_vwcap,jpn,vw_cap,60,2005,2025,21,252,cons_mean,0.4140419523631967,0.6007080899576618,0.1866661375944651,0.005986244492809239,9.214285714285714,2.0544661014158447,2.37107369196747,4.024423896349219,0.6666666666666666
jpn_market_vwcap,jpn,vw_cap,60,2005,2025,21,252,cons_stack,0.4140419523631967,0.6081852553688538,0.19414330300565713,0.006575851630822612,9.353573195822616,1.9727146720801008,2.3978827685976416,4.024423896349219,0.6666666666666666
jpn_market_vwcap,jpn,vw_cap,60,2005,2025,21,252,stack3,0.4140419523631967,0.619941558349269,0.20589960598607232,0.009543258434426338,9.687670865411908,1.6172244660491508,2.398561472195365,3.967861700381482,0.6666666666666666
jpn_market_vwcap,jpn,vw_cap,120,2007,2025,19,228,current,0.31601084468699964,0.44985525759477046,0.13384441290777083,-0.014109890123258344,12.18421052631579,7.287447163316287,2.554482043072068,4.686933612928345,0.8421052631578947
jpn_market_vwcap,jpn,vw_cap,120,2007,2025,19,228,gate2,0.31601084468699964,0.5198999785900843,0.20388913390308466,0.02311705984607121,8.921052631578947,2.5719419182201393,2.3582110204222904,3.6167157302483135,0.8421052631578947
jpn_market_vwcap,jpn,vw_cap,120,2007,2025,19,228,median3,0.31601084468699964,0.5448254991094073,0.22881465442240762,0.027293464345985972,9.368421052631579,2.3494798670604173,2.369149708672638,3.6167157302483135,0.8421052631578947
jpn_market_vwcap,jpn,vw_cap,120,2007,2025,19,228,cons_mean,0.31601084468699964,0.5326966177608063,0.2166857730738067,0.02532410763217218,9.144736842105264,2.4104889044832127,2.3636803645474647,3.6167157302483135,0.8421052631578947
jpn_market_vwcap,jpn,vw_cap,120,2007,2025,19,228,cons_stack,0.31601084468699964,0.5421937448931643,0.22618290020616466,0.02684379325117182,9.271187755477495,2.275296543542401,2.3657417700847496,3.6167157302483135,0.8421052631578947
jpn_market_vwcap,jpn,vw_cap,120,2007,2025,19,228,stack3,0.31601084468699964,0.5682817092181597,0.25227086453116004,0.027741023150094718,10.556154460430841,2.7289006207896516,2.4162248892639213,3.8118682474635284,0.8947368421052632
jpn_market_vwcap,jpn,vw_cap,240,2017,2025,9,108,current,0.20791448631686738,0.6064259065053641,0.3985114201884967,0.011626665622621121,24.22222222222222,11.618011583159033,1.913794114023471,2.455549661461335,0.5555555555555556
jpn_market_vwcap,jpn,vw_cap,240,2017,2025,9,108,gate2,0.20791448631686738,0.6895654393847993,0.48165095306793193,0.0494989470615468,18.88888888888889,8.099074982757228,2.0763124658769567,2.455549661461335,0.6666666666666666
jpn_market_vwcap,jpn,vw_cap,240,2017,2025,9,108,median3,0.20791448631686738,0.6893331677571243,0.4814186814402569,0.043451691180060245,21.77777777777778,5.051757042968693,2.1048622139836515,2.660336931636141,0.6666666666666666
jpn_market_vwcap,jpn,vw_cap,240,2017,2025,9,108,cons_mean,0.20791448631686738,0.6934467914782353,0.4855323051613679,0.048031425462568535,20.333333333333332,6.175017499691425,2.090587339930304,2.533647272289193,0.6666666666666666
jpn_market_vwcap,jpn,vw_cap,240,2017,2025,9,108,cons_stack,0.20791448631686738,0.6900643053796477,0.4821498190627803,0.046808187014537345,20.6263192944896,5.85985124033561,2.0923674702500255,2.5510150372599703,0.6666666666666666
jpn_market_vwcap,jpn,vw_cap,240,2017,2025,9,108,stack3,0.20791448631686738,0.7457493982507275,0.5378349119338601,0.04930206260922722,24.960306860086963,4.2575313254855764,2.0638366306239146,2.6897545952055735,0.6666666666666666
can_market_vwcap,can,vw_cap,60,2005,2025,21,252,current,0.4091688532207744,0.21582202665424785,-0.19334682656652655,-0.046197183763173964,5.619047619047619,2.478134315763861,1.4467939915261367,2.3116566572198893,0.09523809523809523
can_market_vwcap,can,vw_cap,60,2005,2025,21,252,gate2,0.4091688532207744,0.29240558048409393,-0.11676327273668047,-0.02543749172256057,4.809523809523809,1.5574741310062123,1.2643513327016282,2.3566095022475553,0.0
can_market_vwcap,can,vw_cap,60,2005,2025,21,252,median3,0.4091688532207744,0.29240558048409393,-0.11676327273668047,-0.02543749172256057,4.809523809523809,1.5574741310062123,1.2643513327016282,2.3566095022475553,0.0
can_market_vwcap,can,vw_cap,60,2005,2025,21,252,cons_mean,0.4091688532207744,0.29240558048409393,-0.11676327273668047,-0.02543749172256057,4.809523809523809,1.5574741310062123,1.2643513327016282,2.3566095022475553,0.0
can_market_vwcap,can,vw_cap,60,2005,2025,21,252,cons_stack,0.4091688532207744,0.29240558048409393,-0.11676327273668047,-0.02543749172256057,4.809523809523809,1.5574741310062123,1.2643513327016282,2.3566095022475553,0.0
can_market_vwcap,can,vw_cap,60,2005,2025,21,252,stack3,0.4091688532207744,0.3065975576478209,-0.10257129557295352,-0.02154884890447048,4.750082181345814,1.4124393484918298,1.256544626017749,2.2300712654833483,0.047619047619047616
can_market_vwcap,can,vw_cap,120,2005,2025,21,252,current,0.4866194003850881,0.2875114878790366,-0.19910791250605153,-0.03752276932464629,7.666666666666667,3.9999999999999996,1.5334227676511236,2.3178217693430416,0.19047619047619047
can_market_vwcap,can,vw_cap,120,2005,2025,21,252,gate2,0.4866194003850881,0.3499557517582986,-0.13666364862678948,-0.02530226113679285,5.809523809523809,2.446932499437074,1.4343525993748512,2.36984564186429,0.19047619047619047
can_market_vwcap,can,vw_cap,120,2005,2025,21,252,median3,0.4866194003850881,0.3481048487066982,-0.13851455167838989,-0.025215432980687395,5.904761904761905,2.4132059363618295,1.4763830240344549,2.36984564186429,0.23809523809523808
can_market_vwcap,can,vw_cap,120,2005,2025,21,252,cons_mean,0.4866194003850881,0.34908649172945727,-0.13753290865563084,-0.025225119969262258,5.857142857142857,2.4207413362358094,1.455367811704653,2.36984564186429,0.23809523809523808
can_market_vwcap,can,vw_cap,120,2005,2025,21,252,cons_stack,0.4866194003850881,0.3487913940788044,-0.13782800630628372,-0.025214837228500254,5.872044082457649,2.4163610056871825,1.4619440123979088,2.36984564186429,0.23809523809523808
can_market_vwcap,can,vw_cap,120,2005,2025,21,252,stack3,0.4866194003850881,0.334238510035281,-0.15238089034980712,-0.027592245305500755,6.229865874218467,2.418445445080176,1.4446773612699852,2.3464059829872808,0.3333333333333333
can_market_vwcap,can,vw_cap,240,2015,2025,11,132,current,0.6290068963422729,0.550919795800914,-0.07808710054135892,-0.012775282347743654,9.090909090909092,2.4756972815431992,2.1514593142037297,2.4817684224919256,0.36363636363636365
can_market_vwcap,can,vw_cap,240,2015,2025,11,132,gate2,0.6290068963422729,0.6045169107332483,-0.0244899856090246,-0.0037520171233158236,7.545454545454546,1.9783701996272272,2.073339812644315,2.322611571016444,0.45454545454545453
can_market_vwcap,can,vw_cap,240,2015,2025,11,132,median3,0.6290068963422729,0.6045169107332483,-0.0244899856090246,-0.0037520171233158236,7.545454545454546,1.9783701996272272,2.073339812644315,2.322611571016444,0.45454545454545453
can_market_vwcap,can,vw_cap,240,2015,2025,11,132,cons_mean,0.6290068963422729,0.6045169107332483,-0.0244899856090246,-0.0037520171233158236,7.545454545454546,1.9783701996272272,2.073339812644315,2.322611571016444,0.45454545454545453
can_market_vwcap,can,vw_cap,240,2015,2025,11,132,cons_stack,0.6290068963422729,0.6045169107332483,-0.0244899856090246,-0.0037520171233158236,7.545454545454546,1.9783701996272272,2.073339812644315,2.322611571016444,0.45454545454545453
can_market_vwcap,can,vw_cap,240,2015,2025,11,132,stack3,0.6290068963422729,0.6060968531620661,-0.02291004318020684,-0.003625463312416221,7.903755415106952,1.9605841697384754,2.09877442930213,2.3299329175069414,0.45454545454545453
aus_market_vwcap,aus,vw_cap,60,2020,2025,6,72,current,0.3178423106002905,0.3073567763922763,-0.01048553420801418,-0.07482455844442502,10.666666666666666,4.453199514449466,1.6110778579568288,1.8827630995751017,0.6666666666666666
aus_market_vwcap,aus,vw_cap,60,2020,2025,6,72,gate2,0.3178423106002905,0.5157255555265964,0.19788324492630588,0.0057689438310544305,9.333333333333334,1.8988506531101652,1.6012783950299467,1.8702879760892388,0.6666666666666666
aus_market_vwcap,aus,vw_cap,60,2020,2025,6,72,median3,0.3178423106002905,0.6574404158916637,0.3395981052913732,0.013519479330122701,12.0,0.0,1.6477444229028184,1.957724149400361,0.6666666666666666
aus_market_vwcap,aus,vw_cap,60,2020,2025,6,72,cons_mean,0.3178423106002905,0.5976287749631827,0.2797864643628922,0.013835876331421236,10.666666666666666,0.9494253265550827,1.6245114089663828,1.9089931179139132,0.6666666666666666
aus_market_vwcap,aus,vw_cap,60,2020,2025,6,72,cons_stack,0.3178423106002905,0.6253771428073841,0.3075348322070936,0.00968317653488562,11.59338862188594,0.5954348680731154,1.6410552430305079,1.9354081864708574,0.6666666666666666
aus_market_vwcap,aus,vw_cap,60,2020,2025,6,72,stack3,0.3178423106002905,0.6200096315563156,0.3021673209560251,-0.011327711859899448,12.636525358160426,1.5796036106265283,1.6806475858036432,1.9362760599597735,0.6666666666666666
deu_market_vwcap,deu,vw_cap,60,2008,2025,18,216,current,0.5498800902178391,0.7799020508864238,0.2300219606685847,-0.017111827497761318,12.555555555555555,5.740647939012627,2.4278464634337844,4.928832216383464,0.5
deu_market_vwcap,deu,vw_cap,60,2008,2025,18,216,gate2,0.5498800902178391,0.6908575724835908,0.14097748226575169,-0.006842086936496066,8.944444444444445,2.8442789034516562,2.2553464988100496,4.0262704939768765,0.5555555555555556
deu_market_vwcap,deu,vw_cap,60,2008,2025,18,216,median3,0.5498800902178391,0.6941323688341591,0.14425227861631995,-0.011590542793462959,9.833333333333334,2.5499658000442573,2.2643249677154538,4.0262704939768765,0.5555555555555556
deu_market_vwcap,deu,vw_cap,60,2008,2025,18,216,cons_mean,0.5498800902178391,0.6935062267124685,0.1436261364946294,-0.008461220032738912,9.38888888888889,2.5693482417914666,2.259835733262752,4.0262704939768765,0.5555555555555556
deu_market_vwcap,deu,vw_cap,60,2008,2025,18,216,cons_stack,0.5498800902178391,0.698671208170801,0.14879111795296185,-0.008362104766372554,9.61790291717675,2.4646962735475064,2.2619357218921596,4.0262704939768765,0.5555555555555556
deu_market_vwcap,deu,vw_cap,60,2008,2025,18,216,stack3,0.5498800902178391,0.6902283417198536,0.14034825150201446,-0.00839005335204139,9.770556371789446,2.1205417537404507,2.1758432079607486,4.086031101592574,0.5555555555555556
deu_market_vwcap,deu,vw_cap,120,2013,2025,13,156,current,0.5810616681860084,0.6313382274853058,0.05027655929929742,-0.03695546780399934,15.73076923076923,7.8861627725678,2.3049957710046307,4.191897722335128,0.6153846153846154
deu_market_vwcap,deu,vw_cap,120,2013,2025,13,156,gate2,0.5810616681860084,0.5724933672906156,-0.008568300895392733,-0.020484292388900156,11.423076923076923,4.554385991743191,2.2080140258552197,3.8618988208397744,0.5384615384615384
deu_market_vwcap,deu,vw_cap,120,2013,2025,13,156,median3,0.5810616681860084,0.6221674730038236,0.04110580481781523,-0.024292048500689927,13.576923076923077,5.674548112221417,2.215986556625364,3.8618988208397744,0.5384615384615384
deu_market_vwcap,deu,vw_cap,120,2013,2025,13,156,cons_mean,0.5810616681860084,0.6025691272251975,0.02150745903918916,-0.02040362426989356,12.5,4.730136736753717,2.2120002912402916,3.8618988208397744,0.5384615384615384
deu_market_vwcap,deu,vw_cap,120,2013,2025,13,156,cons_stack,0.5810616681860084,0.6064512635010324,0.02538959531502405,-0.024689034603686703,13.216651979602071,5.309080858289933,2.214317135800423,3.8618988208397744,0.5384615384615384
deu_market_vwcap,deu,vw_cap,120,2013,2025,13,156,stack3,0.5810616681860084,0.6599168638544214,0.07885519566841304,-0.017139154125883998,13.686494908949332,5.14426641313484,1.9347209762168693,3.506222718346275,0.6153846153846154
deu_market_vwcap,deu,vw_cap,240,2023,2025,3,36,current,1.6044658269014125,1.426842239267385,-0.17762358763402752,-0.025558618649151377,13.333333333333334,5.059644256269407,2.1115538800657396,2.340737503477242,0.3333333333333333
deu_market_vwcap,deu,vw_cap,240,2023,2025,3,36,gate2,1.6044658269014125,1.611536125774481,0.007070298873068426,0.0008155576679974574,5.666666666666667,0.4780914437337574,2.1695555431201234,2.4215678369697313,0.6666666666666666
deu_market_vwcap,deu,vw_cap,240,2023,2025,3,36,median3,1.6044658269014125,1.611536125774481,0.007070298873068426,0.0008155576679974574,5.666666666666667,0.4780914437337574,2.1695555431201234,2.4215678369697313,0.6666666666666666
deu_market_vwcap,deu,vw_cap,240,2023,2025,3,36,cons_mean,1.6044658269014125,1.611536125774481,0.007070298873068426,0.0008155576679974574,5.666666666666667,0.4780914437337574,2.1695555431201234,2.4215678369697313,0.6666666666666666
deu_market_vwcap,deu,vw_cap,240,2023,2025,3,36,cons_stack,1.6044658269014125,1.611536125774481,0.007070298873068426,0.0008155576679974574,5.666666666666667,0.4780914437337574,2.1695555431201234,2.4215678369697313,0.6666666666666666
deu_market_vwcap,deu,vw_cap,240,2023,2025,3,36,stack3,1.6044658269014125,1.6128211361814404,0.008355309280027923,0.0008667499681191867,5.856164685461284,0.7045367794639136,2.141977875037026,2.3548323648612155,0.6666666666666666
fra_market_vwcap,fra,vw_cap,60,2008,2025,18,216,current,-0.07660814797351279,0.08507515933121584,0.16168330730472863,-0.0019226111421502988,8.583333333333334,3.0814523908717626,1.9322777924938175,3.1004964118705516,0.5555555555555556
fra_market_vwcap,fra,vw_cap,60,2008,2025,18,216,gate2,-0.07660814797351279,-0.033477107447462344,0.04313104052605044,-0.014064780475868281,6.777777777777778,2.8212922433666137,1.7362435159118799,2.65084822916667,0.4444444444444444
fra_market_vwcap,fra,vw_cap,60,2008,2025,18,216,median3,-0.07660814797351279,-0.07694328187722854,-0.00033513390371575635,-0.04667167599668921,7.722222222222222,2.9987077320098243,1.9329282622309654,2.857325708617883,0.5
fra_market_vwcap,fra,vw_cap,60,2008,2025,18,216,cons_mean,-0.07660814797351279,-0.05612261054414342,0.020485537429369365,-0.02849559205583175,7.25,2.7309594531746018,1.8345858890714224,2.6796407646914693,0.5
fra_market_vwcap,fra,vw_cap,60,2008,2025,18,216,cons_stack,-0.07660814797351279,-0.06921735333718709,0.007390794636325693,-0.03774452838733513,7.407100816442223,2.7272013024990276,1.8700110108099166,2.7052364240566824,0.5
fra_market_vwcap,fra,vw_cap,60,2008,2025,18,216,stack3,-0.07660814797351279,-0.019007567777309706,0.05760058019620308,-0.03257903496217816,7.799097921877126,2.1656166906655296,1.750778569661662,2.696082112126265,0.5555555555555556
fra_market_vwcap,fra,vw_cap,120,2013,2025,13,156,current,0.405892937566485,0.791130389065216,0.38523745149873106,0.015066810975508714,14.846153846153847,5.1583366238125405,2.4376473979892412,3.354929254123188,0.6153846153846154
fra_market_vwcap,fra,vw_cap,120,2013,2025,13,156,gate2,0.405892937566485,0.6965780584451539,0.2906851208786689,0.02801338885317789,9.307692307692308,2.650904616420554,2.434679492660024,3.481792147991576,0.6923076923076923
fra_market_vwcap,fra,vw_cap,120,2013,2025,13,156,median3,0.405892937566485,0.584766444930168,0.17887350736368307,-0.0035078381479086737,10.153846153846153,2.420753937886204,2.4487174892494283,3.481792147991576,0.6923076923076923
fra_market_vwcap,fra,vw_cap,120,2013,2025,13,156,cons_mean,0.405892937566485,0.6405164096569814,0.23462347209049644,0.013321039930885717,9.73076923076923,2.316410331487351,2.441698490954726,3.481792147991576,0.6923076923076923
fra_market_vwcap,fra,vw_cap,120,2013,2025,13,156,cons_stack,0.405892937566485,0.5857957048175719,0.17990276725108695,-0.0032909883006481833,9.946152100244854,2.368377754700259,2.4448603572639485,3.481792147991576,0.6923076923076923
fra_market_vwcap,fra,vw_cap,120,2013,2025,13,156,stack3,0.405892937566485,0.5562257317063481,0.15033279413986317,-0.025198637295194646,11.277676192134086,3.4986666217251106,2.4144420476469226,3.45480142997937,0.6153846153846154
fra_market_vwcap,fra,vw_cap,240,2023,2025,3,36,current,1.7092516968966092,1.4898623994196918,-0.21938929747691738,0.014584527938900678,20.0,0.0,2.5908704393063493,2.782443843012494,0.6666666666666666
fra_market_vwcap,fra,vw_cap,240,2023,2025,3,36,gate2,1.7092516968966092,1.8353223155913514,0.12607061869474223,0.06082181889075898,12.0,0.0,2.5412035699065436,2.7530203575865806,0.6666666666666666
fra_market_vwcap,fra,vw_cap,240,2023,2025,3,36,median3,1.7092516968966092,1.8353223155913514,0.12607061869474223,0.06082181889075898,12.0,0.0,2.5412035699065436,2.7530203575865806,0.6666666666666666
fra_market_vwcap,fra,vw_cap,240,2023,2025,3,36,cons_mean,1.7092516968966092,1.8353223155913514,0.12607061869474223,0.06082181889075898,12.0,0.0,2.5412035699065436,2.7530203575865806,0.6666666666666666
fra_market_vwcap,fra,vw_cap,240,2023,2025,3,36,cons_stack,1.7092516968966092,1.8353223155913514,0.12607061869474223,0.06082181889075898,12.0,0.0,2.5412035699065436,2.7530203575865806,0.6666666666666666
fra_market_vwcap,fra,vw_cap,240,2023,2025,3,36,stack3,1.7092516968966092,1.6748004619286458,-0.03445123496796332,0.04853348160481527,15.505448944560325,0.3918855943098501,2.5614847684946884,2.766612056675865,0.6666666666666666
che_market_vwcap,che,vw_cap,60,2009,2025,17,204,current,0.5524374972641672,0.602644739212761,0.05020724194859372,-0.0053179329969679345,8.147058823529411,2.8341584925784877,1.9864567667866182,3.122251231166839,0.7058823529411765
che_market_vwcap,che,vw_cap,60,2009,2025,17,204,gate2,0.5524374972641672,0.6210006591319234,0.06856316186775613,0.006226601993644483,6.852941176470588,1.9126081994495279,2.005983408223651,3.122251231166839,0.7058823529411765
che_market_vwcap,che,vw_cap,60,2009,2025,17,204,median3,0.5524374972641672,0.6292953320335322,0.07685783476936492,0.0035816549993579784,8.0,1.6844697752246314,2.072588559404798,3.140658010480986,0.7058823529411765
che_market_vwcap,che,vw_cap,60,2009,2025,17,204,cons_mean,0.5524374972641672,0.6269322939361791,0.07449479667201186,0.005902498102102894,7.426470588235294,1.6394866714702858,2.0392859838142248,3.123264105557466,0.7647058823529411
che_market_vwcap,che,vw_cap,60,2009,2025,17,204,cons_stack,0.5524374972641672,0.6334421200977528,0.08100462283358556,0.006019999098477727,7.753411957094343,1.5670505597703346,2.0641190226876636,3.1252203270988357,0.7058823529411765
che_market_vwcap,che,vw_cap,60,2009,2025,17,204,stack3,0.5524374972641672,0.6218744779377126,0.06943698067354531,0.0022125264450257452,7.903487285843271,1.418935790351876,2.050028462957983,3.1252203270988357,0.7058823529411765
che_market_vwcap,che,vw_cap,120,2014,2025,12,144,current,0.7366715485656203,0.8001967946918888,0.06352524612626842,0.005132892975029575,8.916666666666666,3.2116483796775315,1.9278695474418943,3.0236219888660605,0.5833333333333334
che_market_vwcap,che,vw_cap,120,2014,2025,12,144,gate2,0.7366715485656203,0.7539821160388621,0.017310567473241778,-0.00034891804368090046,7.583333333333333,2.3696802770383636,1.875904451539455,3.0236219888660605,0.6666666666666666
che_market_vwcap,che,vw_cap,120,2014,2025,12,144,median3,0.7366715485656203,0.8106098872415544,0.07393833867593402,0.007580142590559433,8.833333333333334,1.9142454556131678,1.9089975795010987,3.0236219888660605,0.6666666666666666
che_market_vwcap,che,vw_cap,120,2014,2025,12,144,cons_mean,0.7366715485656203,0.7853879933439197,0.048716444778299395,0.0043608714212386036,8.208333333333334,1.8712958749883069,1.8924510155202772,3.0236219888660605,0.6666666666666666
che_market_vwcap,che,vw_cap,120,2014,2025,12,144,cons_stack,0.7366715485656203,0.8009593241444121,0.06428777557879173,0.006217407385892505,8.663919142131869,1.7429991205578428,1.9055699215508117,3.0236219888660605,0.6666666666666666
che_market_vwcap,che,vw_cap,120,2014,2025,12,144,stack3,0.7366715485656203,0.7966279297549945,0.059956381189374186,0.004858204463136072,9.022154731444633,1.6169575591324479,1.9254269946510965,3.0236219888660605,0.6666666666666666
hkg_market_vwcap,hkg,vw_cap,60,2018,2025,8,96,current,0.5650044982715432,1.1984575914117594,0.6334530931402163,0.13006397773260975,11.5,3.7275644651843733,2.0029819211527573,2.83478818914663,0.875
hkg_market_vwcap,hkg,vw_cap,60,2018,2025,8,96,gate2,0.5650044982715432,1.1684217866176585,0.6034172883461153,0.12555814486841813,10.5,1.9466570535691503,2.0192527926405615,2.83478818914663,0.875
hkg_market_vwcap,hkg,vw_cap,60,2018,2025,8,96,median3,0.5650044982715432,1.322431913931311,0.7574274156597678,0.15761410610370394,12.0,0.0,2.0690108583913425,2.978177813922203,0.875
hkg_market_vwcap,hkg,vw_cap,60,2018,2025,8,96,cons_mean,0.5650044982715432,1.2511361968411199,0.6861316985695767,0.14396527596534,11.25,0.9733285267845752,2.044131825515952,2.9064830015344163,0.875
hkg_market_vwcap,hkg,vw_cap,60,2018,2025,8,96,cons_stack,0.5650044982715432,1.3130587803340483,0.7480542820625051,0.15616477033809004,11.896834471706297,0.14341382317977705,2.0657100782694484,2.972403738355992,0.875
hkg_market_vwcap,hkg,vw_cap,60,2018,2025,8,96,stack3,0.5650044982715432,1.3238615291772107,0.7588570309056675,0.15231238077878315,12.37520769515327,1.282125571829543,2.0661018978783665,2.972403738355992,0.875
hkg_market_vwcap,hkg,vw_cap,120,2023,2025,3,36,current,0.5585430547924979,2.219017439168928,1.66047438437643,0.29832646419600367,20.0,0.0,2.086701780680979,2.2526100079684293,1.0
hkg_market_vwcap,hkg,vw_cap,120,2023,2025,3,36,gate2,0.5585430547924979,2.029759534407332,1.4712164796148341,0.2687622994777852,17.333333333333332,3.82473154987006,2.0153710732552645,2.221717237059872,1.0
hkg_market_vwcap,hkg,vw_cap,120,2023,2025,3,36,median3,0.5585430547924979,2.029759534407332,1.4712164796148341,0.2687622994777852,17.333333333333332,3.82473154987006,2.0153710732552645,2.221717237059872,1.0
hkg_market_vwcap,hkg,vw_cap,120,2023,2025,3,36,cons_mean,0.5585430547924979,2.029759534407332,1.4712164796148341,0.2687622994777852,17.333333333333332,3.82473154987006,2.0153710732552645,2.221717237059872,1.0
hkg_market_vwcap,hkg,vw_cap,120,2023,2025,3,36,cons_stack,0.5585430547924979,2.029759534407332,1.4712164796148341,0.2687622994777852,17.333333333333332,3.82473154987006,2.0153710732552645,2.221717237059872,1.0
hkg_market_vwcap,hkg,vw_cap,120,2023,2025,3,36,stack3,0.5585430547924979,2.1574665845976035,1.5989235298051057,0.29451890519208435,16.47496589003345,0.7054729849276157,1.9958004969429004,2.139502724136405,1.0
nld_market_vwcap,nld,vw_cap,60,2019,2025,7,84,current,0.5523255595095131,0.7957444093321674,0.24341884982265427,0.03331881986900972,6.785714285714286,3.3780704143952858,1.5746723932438327,2.0934177286426414,0.5714285714285714
nld_market_vwcap,nld,vw_cap,60,2019,2025,7,84,gate2,0.5523255595095131,0.6796990788232193,0.12737351931370622,0.019572476130777686,5.285714285714286,1.3933700895815322,1.4479644776724383,2.0113220402256284,0.42857142857142855
nld_market_vwcap,nld,vw_cap,60,2019,2025,7,84,median3,0.5523255595095131,0.7359705415751882,0.18364498206567503,0.030702870779648624,6.571428571428571,1.408115157237258,1.749812704989937,2.467601175476729,0.5714285714285714
nld_market_vwcap,nld,vw_cap,60,2019,2025,7,84,cons_mean,0.5523255595095131,0.7097537445636918,0.15742818505417866,0.02581289793865784,5.928571428571429,1.0897740927135962,1.5988885913311877,2.0102331841211165,0.5714285714285714
nld_market_vwcap,nld,vw_cap,60,2019,2025,7,84,cons_stack,0.5523255595095131,0.7212648269831317,0.16893926747361854,0.027913366003113043,6.428124896719603,1.3337392197176992,1.7288056037347515,2.467601175476729,0.5714285714285714
nld_market_vwcap,nld,vw_cap,60,2019,2025,7,84,stack3,0.5523255595095131,0.7090068204797253,0.15668126097021218,0.02576357044327359,6.407571281498253,1.2492076282522937,1.6810356522463579,2.469309957620543,0.5714285714285714
swe_market_vwcap,swe,vw_cap,60,2013,2025,13,156,current,0.38471540874481347,0.4886117611791075,0.10389635243429401,-0.003435709063363113,8.038461538461538,2.429349084159112,1.829494003600302,2.778758441390939,0.6153846153846154
swe_market_vwcap,swe,vw_cap,60,2013,2025,13,156,gate2,0.38471540874481347,0.4603692269006545,0.07565381815584105,-0.0008721861875491798,6.461538461538462,1.3265750973215753,1.8330238353776582,2.85475638228366,0.6153846153846154
swe_market_vwcap,swe,vw_cap,60,2013,2025,13,156,median3,0.38471540874481347,0.4566892780660348,0.07197386932122135,-0.011159443525678743,7.038461538461538,1.8712928612872743,1.842635900700519,2.85475638228366,0.6153846153846154
swe_market_vwcap,swe,vw_cap,60,2013,2025,13,156,cons_mean,0.38471540874481347,0.45954269572492024,0.07482728698010677,-0.005295772107989856,6.75,1.5112481489622858,1.8378298680390885,2.85475638228366,0.6153846153846154
swe_market_vwcap,swe,vw_cap,60,2013,2025,13,156,cons_stack,0.38471540874481347,0.47126068152834893,0.08654527278353547,-0.004707636894387442,6.885806713119748,1.5028654460638906,1.8409741373263528,2.85475638228366,0.6153846153846154
swe_market_vwcap,swe,vw_cap,60,2013,2025,13,156,stack3,0.38471540874481347,0.4757870458525974,0.09107163710778393,-0.00526894494684716,7.010108920971852,1.4345262776833774,1.6484820584141333,2.3061598752142674,0.5384615384615384
swe_market_vwcap,swe,vw_cap,120,2018,2025,8,96,current,0.005148701029515018,0.18931844998422143,0.18416974895470642,-0.043815193769944326,13.25,4.374567647809685,1.731296030824752,2.1738437931141963,0.375
swe_market_vwcap,swe,vw_cap,120,2018,2025,8,96,gate2,0.005148701029515018,0.090147446710153,0.08499874568063798,-0.01631772803233404,9.25,2.2337129816094383,1.7067227053882827,2.36958565675351,0.375
swe_market_vwcap,swe,vw_cap,120,2018,2025,8,96,median3,0.005148701029515018,0.10282412235996026,0.09767542133044524,-0.016582272062349725,9.5,1.9466570535691503,1.709198446593275,2.36958565675351,0.375
swe_market_vwcap,swe,vw_cap,120,2018,2025,8,96,cons_mean,0.005148701029515018,0.09658449331144785,0.09143579228193283,-0.01632985203124992,9.375,2.068561666574398,1.7079605759907786,2.36958565675351,0.375
swe_market_vwcap,swe,vw_cap,120,2018,2025,8,96,cons_stack,0.005148701029515018,0.10282412235996026,0.09767542133044524,-0.016582272062349725,9.5,1.9466570535691503,1.709198446593275,2.36958565675351,0.375
swe_market_vwcap,swe,vw_cap,120,2018,2025,8,96,stack3,0.005148701029515018,0.1432607696531213,0.13811206862360628,-0.02166304455976853,10.471135089925257,2.979742575323501,1.600136206157914,1.9772634299804124,0.25
ind_market_vwcap,ind,vw_cap,60,2020,2025,6,72,current,0.6307537412204037,0.44258081336873556,-0.18817292785166817,-0.058653253162882314,12.666666666666666,3.6153039340021285,1.794614443579845,2.233822755472394,0.3333333333333333
ind_market_vwcap,ind,vw_cap,60,2020,2025,6,72,gate2,0.6307537412204037,0.4346231970421377,-0.19613054417826603,-0.06565638678400111,9.0,3.237108777819587,1.5813369921588425,1.9905288058191029,0.16666666666666666
ind_market_vwcap,ind,vw_cap,60,2020,2025,6,72,median3,0.6307537412204037,0.4346231970421377,-0.19613054417826603,-0.06565638678400111,9.0,3.237108777819587,1.5813369921588425,1.9905288058191029,0.16666666666666666
ind_market_vwcap,ind,vw_cap,60,2020,2025,6,72,cons_mean,0.6307537412204037,0.4346231970421377,-0.19613054417826603,-0.06565638678400111,9.0,3.237108777819587,1.5813369921588425,1.9905288058191029,0.16666666666666666
ind_market_vwcap,ind,vw_cap,60,2020,2025,6,72,cons_stack,0.6307537412204037,0.4346231970421377,-0.19613054417826603,-0.06565638678400111,9.0,3.237108777819587,1.5813369921588425,1.9905288058191029,0.16666666666666666
ind_market_vwcap,ind,vw_cap,60,2020,2025,6,72,stack3,0.6307537412204037,0.4243398653760159,-0.2064138758443878,-0.06328973956791298,9.049994112374122,2.876731600364719,1.4668653840319132,1.9204659390139953,0.3333333333333333
