return_month,return,turnover_proxy
1995-01-31,0.00748160710887118,3.0000000000000018
1995-02-28,0.00830762893020936,0.0
1995-03-31,0.0016175990830238946,0.0
1995-04-30,0.012310178348464648,0.0
1995-05-31,0.007719172278912955,0.0
1995-06-30,-0.017162228812778013,0.0
1995-07-31,-0.02217621074814584,0.0
1995-08-31,0.002601819410396709,0.0
1995-09-30,0.008151088370538932,0.0
1995-10-31,0.02937756263444881,0.0
1995-11-30,0.0012941171316589103,0.0
1995-12-31,0.013628703239465797,0.0
1996-01-31,0.01266746261951993,0.0
1996-02-29,-0.007366844809262543,0.0
1996-03-31,0.0010121191026637134,0.0
1996-04-30,-0.02583637271501659,0.0
1996-05-31,-0.010171570081610012,0.0
1996-06-30,0.04162834229673126,0.0
1996-07-31,0.046070942751036736,0.0
1996-08-31,-0.01887279370715996,0.0
1996-09-30,-0.01231188583507882,0.0
1996-10-31,0.04642942654282969,0.0
1996-11-30,0.010669632205610916,0.0
1996-12-31,0.013237546427476762,0.0
1997-01-31,-0.0010015381612008957,0.0
1997-02-28,0.03566318702281737,0.0
1997-03-31,0.038657805941235454,0.0
1997-04-30,0.023829934307781866,0.0
1997-05-31,-0.03198091041279681,0.0
1997-06-30,0.010618187668286982,0.0
1997-07-31,-0.00040589941164589753,0.0
1997-08-31,-0.005464737295507529,0.0
1997-09-30,-0.011769173971599708,0.0
1997-10-31,0.021454494102576202,0.0
1997-11-30,0.03293900576778966,0.0
1997-12-31,0.016652328450200485,0.0
1998-01-31,0.010953121737210452,0.0
1998-02-28,-0.016755536098909653,0.0
1998-03-31,0.0024422586220086816,0.0
1998-04-30,0.0004858105385991962,0.0
1998-05-31,0.029652026359822538,0.0
1998-06-30,-0.002044786059578722,0.0
1998-07-31,0.01956744498843157,0.0
1998-08-31,0.08539876315460562,0.0
1998-09-30,-0.01865061411355512,0.0
1998-10-31,-0.00857515897929213,0.0
1998-11-30,-0.012978711388477622,0.0
1998-12-31,-0.013814723298670693,0.0
1999-01-31,-0.04299476181566429,0.0
1999-02-28,0.02412665886281313,0.0
1999-03-31,-0.039949872129766334,0.0
1999-04-30,-0.01128627310115217,0.0
1999-05-31,0.027128836606819022,0.0
1999-06-30,-0.00817151618179595,0.0
1999-07-31,0.026309427605737314,0.0
1999-08-31,0.0009748435891114471,0.0
1999-09-30,-0.013477868287614193,0.0
1999-10-31,-0.028282147267378432,0.0
1999-11-30,-0.06028756323884654,0.0
1999-12-31,-0.08572250375179313,0.0
2000-01-31,-0.026395822501921726,0.0
2000-02-29,-0.15202931061323358,0.0
2000-03-31,0.139202006842717,0.0
2000-04-30,0.14316626648202121,0.0
2000-05-31,0.09528442426474468,0.10632866587772134
2000-06-30,-0.12819012599176782,0.0979599929639144
2000-07-31,0.06548462858206491,0.20049420595472003
2000-08-31,-0.036192443679264316,0.037702455387832706
2000-09-30,0.06413691143013556,0.01663486548042309
2000-10-31,0.08974497396388252,0.03382424694369618
2000-11-30,0.16559272309598003,0.07437461466815076
2000-12-31,0.028561050671102324,0.23806684224678398
2001-01-31,-0.07008931854220901,0.005017134003414062
2001-02-28,0.14358726090912238,0.05342615520491799
2001-03-31,0.07321451656526565,0.16255214867000267
2001-04-30,-0.0539199110739587,0.03962295006590976
2001-05-31,0.026663383937235902,0.03044154513280372
2001-06-30,0.011272229318281913,0.0020355375566481464
2001-07-31,0.05784228086851219,0.0005398377840799846
2001-08-31,0.048986521995958765,0.02190806847045553
2001-09-30,0.060204258819146664,0.014061512639176692
2001-10-31,-0.02892216422510558,0.023579017536291214
2001-11-30,-0.03289311437796679,0.009925396211278859
2001-12-31,0.005500652754563986,0.012806264171116197
2002-01-31,0.037026146320130626,0.0005158042810326034
2002-02-28,0.05288998706066209,0.006954540297425187
2002-03-31,-0.013129774931715944,0.017197304134058445
2002-04-30,0.0449446003392093,0.0029139308998579003
2002-05-31,0.02439308886479747,0.010134889482436286
2002-06-30,0.041026842930089166,0.00195946862033875
2002-07-31,0.018291704801722757,0.009134227647707834
2002-08-31,0.0039031994206954294,0.0008743654461855401
2002-09-30,0.022135716191248107,9.848735626894617e-05
2002-10-31,-0.011926200975629417,0.0015332463061546887
2002-11-30,-0.03565060857241397,0.0015377954111056736
2002-12-31,0.027512681041851842,0.011312498003988048
2003-01-31,-0.002043394901581601,0.0030368444008575975
2003-02-28,0.0014559293558478784,0.0006728231288502581
2003-03-31,-0.0013164803172036207,0.0005796873031786321
2003-04-30,-0.01704282634523153,0.00035519413159230094
2003-05-31,-0.020400915806785918,0.004662786284442503
2003-06-30,-0.0003578327630481819,0.0035846737533664994
2003-07-31,0.0007641545867932755,0.00036423446553394967
2003-08-31,-0.005312218711987761,0.00022642016543933212
2003-09-30,0.0066623695686469,0.0003163466181835741
2003-10-31,-0.0025643143496756698,0.0007419711801947507
2003-11-30,0.0026516008175864326,0.0004379597358699916
2003-12-31,0.003108908091753178,7.355826194953112e-05
2004-01-31,-0.0024522058202133394,1.2970204223108212e-05
2004-02-29,0.0031812421573387444,0.0006206070137057089
2004-03-31,0.0025384184537861417,9.664484624837509e-05
2004-04-30,0.008315957658137297,0.00011894594867142665
2004-05-31,-0.0007611151607192174,5.584320409013008e-06
2004-06-30,0.004456927951246479,0.000345203058739741
2004-07-31,0.011566213637312642,0.00027207943791751794
2004-08-31,0.002114177167762007,0.00012936169870212885
2004-09-30,-0.006409727739030533,0.0007478408337167133
2004-10-31,7.298076704441794e-05,0.0010977185043722446
2004-11-30,-0.003932484386639895,0.0003368219561862111
2004-12-31,-0.0040933135364887,0.000861008384787575
2005-01-31,0.007685409439150151,0.0007152501536651576
2005-02-28,0.006111874148580769,3.058435802332296e-05
2005-03-31,0.011003256983569427,1.9209186749918547e-05
2005-04-30,0.006920990908034809,0.00010680588351440028
2005-05-31,-0.0049839908768098354,2.2989858715800893e-06
2005-06-30,-0.0031930800992590164,0.0010343067461398743
2005-07-31,-0.005657316365641643,0.0014252631636876532
2005-08-31,0.000423442503080613,0.0018314105964518622
2005-09-30,-0.0020703115319231982,9.896024245504599e-05
2005-10-31,0.005668990565270456,0.0005792357168382632
2005-11-30,-0.0033280341732479296,0.0008606147925201563
2005-12-31,-0.001692385083352816,0.000506979342401636
2006-01-31,-0.011953608966896977,0.0005061042265828101
2006-02-28,0.006691482869747497,0.0026550535341634627
2006-03-31,-0.0025481548646197555,0.0008842178923518292
2006-04-30,-0.0022214745227012176,0.0003651029971210532
2006-05-31,0.007552843211683001,0.0030613197280103584
2006-06-30,0.005104510506447528,0.0012120958010825352
2006-07-31,0.011659370613473836,0.002496523294144057
2006-08-31,-0.00028049509344059897,0.0031222732879996745
2006-09-30,0.0030896016584152524,0.002051719515855253
2006-10-31,-0.004529909477765418,0.001398711947304114
2006-11-30,-0.012284322518940117,0.002514201803567961
2006-12-31,0.0074693721418520286,0.002706480140664113
2007-01-31,0.0007628153550718644,3.82760065300615e-06
2007-02-28,-0.0006140856767410266,0.000131730100611252
2007-03-31,0.00493897331937136,0.0014367747104574845
2007-04-30,0.0006734390200112879,0.00224808110359412
2007-05-31,-0.001238166759587744,0.0003458324565984317
2007-06-30,-0.00011794479763920358,0.004432635208693834
2007-07-31,-0.0006868260336621872,0.000278477533123345
2007-08-31,0.0024779863931884125,4.403223163769107e-05
2007-09-30,-0.008656934303697674,0.0005662047581421869
2007-10-31,-0.004957008175841872,0.0003826779321155962
2007-11-30,0.01829872785908098,0.0005365542170047595
2007-12-31,0.005599811418012728,0.00022734105566760837
2008-01-31,0.0035200797496031605,0.00014744567386166044
2008-02-29,0.009806048661198717,4.376331764419615e-05
2008-03-31,0.013730077926419771,0.0017796927026660133
2008-04-30,-0.007356963844833792,0.0003505908549440162
2008-05-31,0.0015798248648356884,0.0011475594596800625
2008-06-30,0.006794289786913342,0.0009576471018662314
2008-07-31,0.023617924323675675,0.0003488404838580053
2008-08-31,0.005327719354339645,0.0023073074418505316
2008-09-30,0.03064261756214831,0.016090320203884807
2008-10-31,0.03340907146688918,0.002787588340699594
2008-11-30,0.01719425319209121,0.005053595293848011
2008-12-31,-5.391841984059504e-06,0.0005852008058231332
2009-01-31,0.008196525179582137,0.0013973798249843333
2009-02-28,0.012559741634298929,0.008271613653458451
2009-03-31,-0.01898140233059051,0.000184994084044909
2009-04-30,-0.039646383593652745,0.002145157534469892
2009-05-31,-0.02380506821243304,0.015806933292877506
2009-06-30,0.018992391793341088,0.006479718566013714
2009-07-31,-0.012212987603768148,0.00033681744019854916
2009-08-31,-0.010246659134739766,0.002019799636489914
2009-09-30,-0.010481940668303998,0.0018695019771549064
2009-10-31,0.018021631935079642,0.0006160748647870678
2009-11-30,-0.004477699641171633,0.0029578279370999754
2009-12-31,-2.9683461474041563e-05,0.013195713416097507
2010-01-31,0.0004306043066143316,0.026857359637411288
2010-02-28,0.00215699142701007,0.003971274274464944
2010-03-31,-0.0013328821971886904,0.08626792291053935
2010-04-30,-0.0019846936310520995,0.05631501571921203
2010-05-31,0.011771792750001583,0.06706167672725943
2010-06-30,0.0064842647023213495,0.032701837895600806
2010-07-31,-0.006011694016277778,0.10256957238310697
2010-08-31,1.8072383337656376e-05,0.019275341209999367
2010-09-30,-0.0032409080770386153,0.014207631504378865
2010-10-31,0.0016588353309788236,0.021221505113497994
2010-11-30,-0.002695863124149255,0.05275671869746376
2010-12-31,-0.016810151221754575,0.2595515626222376
2011-01-31,-0.005103352996806185,0.0018623866944388404
2011-02-28,-0.002591698248670263,0.08992539121380219
2011-03-31,0.0037160612407828603,0.3943025512617081
2011-04-30,0.009286093936676218,0.0
2011-05-31,0.012930987440936306,0.0
2011-06-30,0.0144065734187045,0.0
2011-07-31,-0.012170806170798132,0.0
2011-08-31,0.030611196382125644,0.0
2011-09-30,0.04435663666570927,0.0
2011-10-31,-0.029220663739791614,0.0
2011-11-30,0.013403325918111114,0.0
2011-12-31,0.026462822641531616,0.0
2012-01-31,-0.025010661633377243,0.0
2012-02-29,-0.01135001321408887,0.0
2012-03-31,0.017212635705105898,0.0
2012-04-30,0.010447301344212047,0.0
2012-05-31,0.03286853308437503,0.0
2012-06-30,0.004279524644053015,0.0
2012-07-31,0.005708868461360105,0.0
2012-08-31,-0.014996500408212252,0.0
2012-09-30,-0.0072671916710479656,0.0
2012-10-31,0.004343468167829452,0.0
2012-11-30,0.012017905572407513,0.0
2012-12-31,-0.007077561403903759,0.0
2013-01-31,-0.0005906169993392139,0.0
2013-02-28,0.016286952203406868,0.0
2013-03-31,0.004196323131355647,0.0
2013-04-30,0.006040176913280163,0.0
2013-05-31,-0.006315732104787419,0.0
2013-06-30,0.009655222444805772,0.0
2013-07-31,-0.002109952268251693,0.0
2013-08-31,-0.013028094780770931,0.0
2013-09-30,-0.0016599782196946953,0.0
2013-10-31,0.01664668908063328,0.0
2013-11-30,0.007736027357914614,0.0
2013-12-31,-0.004277409068136551,0.0
2014-01-31,-0.01379089654032265,0.0
2014-02-28,-0.007985971521508902,0.0
2014-03-31,0.02957361145584769,0.0
2014-04-30,0.016490591505477308,0.0
2014-05-31,0.0020496000367613734,0.0
2014-06-30,-0.021634893028602383,0.0
2014-07-31,0.013755393759662539,0.0
2014-08-31,-0.0064316027348312495,0.0
2014-09-30,0.016023241346244582,0.0
2014-10-31,0.010843693169741573,0.0
2014-11-30,0.029151713408044632,0.0
2014-12-31,0.006984068003734708,0.0
2015-01-31,0.0033859861141945996,0.0
2015-02-28,-0.0169068324067031,0.0
2015-03-31,-0.0028714302679914098,0.0
2015-04-30,-0.005892475738383698,0.0
2015-05-31,0.002810608416823376,0.0
2015-06-30,-0.002148318606264313,0.0
2015-07-31,0.019172684233036644,0.0
2015-08-31,0.010944753485470585,0.0
2015-09-30,0.04702195919570588,0.0
2015-10-31,0.004530164383952312,0.0
2015-11-30,-0.0022188597970502965,0.0
2015-12-31,0.009497926191161559,0.0
2016-01-31,0.044218381239689956,0.0
2016-02-29,0.017530744727304825,0.0
2016-03-31,-0.007744325708129736,0.0
2016-04-30,-0.03640830559494318,0.0
2016-05-31,0.002699630374266915,0.0
2016-06-30,0.01873777015677721,0.0
2016-07-31,-0.007004370622011036,0.0
2016-08-31,-0.007376609994760747,0.0
2016-09-30,-0.010342150855739453,0.0
2016-10-31,0.020399509433347347,0.0
2016-11-30,0.0004914282912896156,0.0
2016-12-31,0.008437419582046503,0.0
2017-01-31,-0.01022907088913455,0.0
2017-02-28,0.0024375992348987475,0.0
2017-03-31,0.004480856818368991,0.0
2017-04-30,0.00853210900601088,0.0
2017-05-31,0.005226512671538293,0.0
2017-06-30,-0.009681973704135706,0.0
2017-07-31,0.002593053717724599,0.0
2017-08-31,0.005970403527122593,0.0
2017-09-30,-0.002781684160092189,0.0
2017-10-31,0.009564371472371196,0.0
2017-11-30,0.010067288551666604,0.0
2017-12-31,-0.004463898043471783,0.0
2018-01-31,0.003523466705283948,0.0
2018-02-28,-0.0016292387409732778,0.0
2018-03-31,-0.0015711426422923929,0.0
2018-04-30,-0.0011712835875670844,0.0
2018-05-31,-0.007317169691401292,0.0
2018-06-30,-0.001365288745947083,0.0
2018-07-31,0.014112438699485754,0.0
2018-08-31,-0.007336865541034642,0.0
2018-09-30,0.00038574016146756445,0.0
2018-10-31,0.027271896995184067,0.0
2018-11-30,0.001648150630742787,0.0
2018-12-31,0.01776913527772751,0.0
2019-01-31,-0.03800471524372888,0.0
2019-02-28,-0.007377935811391163,0.0
2019-03-31,0.0037825783512693786,0.0
2019-04-30,0.001497327015023452,0.0
2019-05-31,0.005586440869709957,0.0
2019-06-30,-0.006243630257278961,0.0
2019-07-31,0.004372657207437898,0.0
2019-08-31,0.02334626348905444,0.0
2019-09-30,0.027921183392042623,0.0
2019-10-31,-0.003949456086152317,0.0
2019-11-30,-0.024674330387391086,0.0
2019-12-31,-0.008278033882448101,0.0
2020-01-31,-0.009445211606175272,0.0
2020-02-29,-0.015552532729324066,0.0
2020-03-31,0.027330042603164104,0.0
2020-04-30,-0.03512869586218442,0.0
2020-05-31,-0.037829274918076854,0.0
2020-06-30,-0.028294075514981483,0.0
2020-07-31,0.002531806843868539,0.0
2020-08-31,-0.0177100814771518,0.0
2020-09-30,-0.0163836417529171,0.0
2020-10-31,-0.001338991308657052,0.0
2020-11-30,-0.07055433285547091,0.0
2020-12-31,-0.0234141397973849,0.0
2021-01-31,-0.02348445003208131,0.0
2021-02-28,-0.0037687558352764656,0.0
2021-03-31,0.07894230818107013,0.0
2021-04-30,0.013277165378922434,0.0
2021-05-31,0.034838145174453536,0.0
2021-06-30,-0.046068386752114346,0.0
2021-07-31,0.04353264522509383,0.0
2021-08-31,-0.00475813810973113,0.0
2021-09-30,-0.0011087391998035384,0.0
2021-10-31,-0.0004903831419571276,0.0
2021-11-30,0.05079506639744806,0.0
2021-12-31,0.06442778827436088,0.0
2022-01-31,0.06981984788799517,0.0
2022-02-28,0.008708838604343221,0.0
2022-03-31,0.011549286484191793,0.0
2022-04-30,0.07998093382537835,0.0
2022-05-31,0.05470425071122509,0.0
2022-06-30,0.012674376483157827,0.0
2022-07-31,-0.04115252043102169,0.0
2022-08-31,-0.0157619297683351,0.0
2022-09-30,0.02133958006216683,0.0
2022-10-31,0.043672572601305346,0.0
2022-11-30,0.03134420515676012,0.0
2022-12-31,0.0273418717393263,0.0
2023-01-31,-0.06560816049100643,0.0
2023-02-28,0.0012280762228000866,0.0
2023-03-31,0.0042038469477336145,0.0
2023-04-30,0.019760647690046304,0.0
2023-05-31,-0.03384417146740828,0.0
2023-06-30,-0.003903992406123082,0.0
2023-07-31,-0.01618285184787021,0.0
2023-08-31,0.04084600680778352,0.0
2023-09-30,0.027909489717691725,0.0
2023-10-31,0.027491700375778097,0.0
2023-11-30,-0.019276436983337357,0.0
2023-12-31,-0.04797587630153674,0.0
2024-01-31,0.036588863565002086,0.0
2024-02-29,-0.006109854311087785,0.0
2024-03-31,0.011072776525049503,0.0
2024-04-30,0.007579739558925937,0.0
2024-05-31,-0.003412220676417934,0.0
2024-06-30,0.0026703063820042896,0.0
2024-07-31,0.003080952297359994,0.0
2024-08-31,0.017588491004201956,0.0
2024-09-30,-0.006589759602028846,0.0
2024-10-31,-0.00488512807205066,0.0
2024-11-30,-0.029904488131936854,0.0
2024-12-31,0.0051252108395577894,0.0
2025-01-31,0.0010456517869582415,0.0
2025-02-28,0.022421388388223593,0.0
2025-03-31,0.026774270867360228,0.0
2025-04-30,-0.01842410428898057,0.0
2025-05-31,-0.02813808339804635,0.0
2025-06-30,-0.035020526847071416,0.0
2025-07-31,-0.017207483450856424,0.0
2025-08-31,0.005109286016188283,0.0
2025-09-30,-0.020634039031885765,0.0
2025-10-31,-0.038037078775256354,0.0
2025-11-30,0.038782001041306136,0.0
2025-12-31,0.008629267015597845,0.0
