year,window,group,tune_end,confirmation_end,selected_grid_C_extra,training_total_C,confirmation_loss_gain,simultaneous_lower_bound
2005,60,intangibles,1999-12-31,2004-12-31,4.0,7.0,0.13174320985882332,-0.20191515994783343
2005,60,investment,1999-12-31,2004-12-31,2.0,5.0,0.08648964247380588,-0.2471687273328509
2005,60,momentum,1999-12-31,2004-12-31,1.0,4.0,-0.003838556402115314,-0.33749692620877214
2005,60,new,1999-12-31,2004-12-31,0.5,3.5,0.01410324114505556,-0.31955512866160124
2005,60,profitability,1999-12-31,2004-12-31,1.0,4.0,0.05690267425141774,-0.27675569555523905
2005,60,trading_frictions,1999-12-31,2004-12-31,2.0,5.0,-0.009910031713327432,-0.34356840151998425
2005,60,value,1999-12-31,2004-12-31,16.0,14.759999999999998,0.05003616816657185,-0.28362220164008495
2005,60,all_extensions,1999-12-31,2004-12-31,4.0,7.0,0.22230683007146393,-0.11135153973519288
2006,60,intangibles,2000-12-31,2005-12-31,4.0,7.0,0.09216423268338883,-0.1516765251151917
2006,60,investment,2000-12-31,2005-12-31,1.0,4.0,0.07956956908832995,-0.1642711887102506
2006,60,momentum,2000-12-31,2005-12-31,0.5,3.5,0.0030077697298325537,-0.24083298806874798
2006,60,new,2000-12-31,2005-12-31,0.5,3.5,-0.013969162248454767,-0.2578099200470353
2006,60,profitability,2000-12-31,2005-12-31,2.0,5.0,0.04818365755245058,-0.19565710024612995
2006,60,trading_frictions,2000-12-31,2005-12-31,1.0,4.0,0.02648770041269317,-0.21735305738588737
2006,60,value,2000-12-31,2005-12-31,8.0,11.0,0.2546933906784591,0.010852632879878504
2006,60,all_extensions,2000-12-31,2005-12-31,4.0,7.0,0.1837585255016547,-0.06008223229692586
2007,60,intangibles,2001-12-31,2006-12-31,4.0,7.0,-0.04092829875009215,-0.194547855336242
2007,60,investment,2001-12-31,2006-12-31,2.0,5.0,-0.02632473265304956,-0.17994428923919942
2007,60,momentum,2001-12-31,2006-12-31,0.5,3.5,0.0004608129084983555,-0.15315874367765148
2007,60,new,2001-12-31,2006-12-31,0.5,3.5,-0.004271165859913105,-0.15789072244606295
2007,60,profitability,2001-12-31,2006-12-31,2.0,5.0,-0.0020282334676961955,-0.15564779005384602
2007,60,trading_frictions,2001-12-31,2006-12-31,1.0,4.0,0.02699105491012098,-0.12662850167602885
2007,60,value,2001-12-31,2006-12-31,8.0,11.0,0.09879026307443856,-0.054829293511711286
2007,60,all_extensions,2001-12-31,2006-12-31,8.0,11.0,0.08474355750759846,-0.06887599907855134
2008,60,intangibles,2002-12-31,2007-12-31,4.0,7.0,0.07584224295435481,-0.0872737178481847
2008,60,investment,2002-12-31,2007-12-31,2.0,5.0,0.022645126169226502,-0.140470834633313
2008,60,momentum,2002-12-31,2007-12-31,0.0,3.0,-1.1102230246251566e-17,-0.1631159608025395
2008,60,new,2002-12-31,2007-12-31,0.0,3.0,-1.1102230246251566e-17,-0.1631159608025395
2008,60,profitability,2002-12-31,2007-12-31,2.0,5.0,-0.0363575085076373,-0.1994734693101768
2008,60,trading_frictions,2002-12-31,2007-12-31,1.0,4.0,0.0365782132665068,-0.1265377475360327
2008,60,value,2002-12-31,2007-12-31,8.0,11.0,-0.0002906082609238451,-0.16340656906346335
2008,60,all_extensions,2002-12-31,2007-12-31,8.0,11.0,0.11170517193133267,-0.05141078887120684
2009,60,intangibles,2003-12-31,2008-12-31,4.0,7.0,-0.05595440203283608,-0.2644941135423026
2009,60,investment,2003-12-31,2008-12-31,1.0,4.0,-0.02199978067595951,-0.23053949218542608
2009,60,momentum,2003-12-31,2008-12-31,0.0,3.0,-8.326672684688674e-18,-0.20853971150946657
2009,60,new,2003-12-31,2008-12-31,0.0,3.0,-8.326672684688674e-18,-0.20853971150946657
2009,60,profitability,2003-12-31,2008-12-31,2.0,5.0,0.017656066824398988,-0.19088364468506758
2009,60,trading_frictions,2003-12-31,2008-12-31,0.5,3.5,0.045926264903238354,-0.16261344660622823
2009,60,value,2003-12-31,2008-12-31,8.0,11.0,0.03342196369027335,-0.1751177478191932
2009,60,all_extensions,2003-12-31,2008-12-31,8.0,11.0,0.052885866789109046,-0.15565384472035754
2010,60,intangibles,2004-12-31,2009-12-31,4.0,7.0,-0.003320806752119141,-0.20661108676344025
2010,60,investment,2004-12-31,2009-12-31,2.0,5.0,0.03584559551911551,-0.16744468449220556
2010,60,momentum,2004-12-31,2009-12-31,0.5,3.5,-0.002363812735149216,-0.20565409274647029
2010,60,new,2004-12-31,2009-12-31,1.0,4.0,-0.015792735892769177,-0.21908301590409024
2010,60,profitability,2004-12-31,2009-12-31,4.0,7.0,-0.012599598817843422,-0.2158898788291645
2010,60,trading_frictions,2004-12-31,2009-12-31,1.0,4.0,0.08365319908515448,-0.1196370809261666
2010,60,value,2004-12-31,2009-12-31,8.0,11.0,0.007427449541874581,-0.19586283046944647
2010,60,all_extensions,2004-12-31,2009-12-31,8.0,11.0,0.1184272795130561,-0.08486300049826492
2011,60,intangibles,2005-12-31,2010-12-31,2.0,5.0,0.019781113614423685,-0.2284910441358973
2011,60,investment,2005-12-31,2010-12-31,8.0,9.86,-0.027573354382936233,-0.2758455121332572
2011,60,momentum,2005-12-31,2010-12-31,2.0,5.0,-0.05117221418628066,-0.29944437193660167
2011,60,new,2005-12-31,2010-12-31,0.0,3.0,-8.326672684688674e-18,-0.248272157750321
2011,60,profitability,2005-12-31,2010-12-31,2.0,5.0,0.008207157925649309,-0.2400649998246717
2011,60,trading_frictions,2005-12-31,2010-12-31,4.0,7.0,0.010133264250021616,-0.23813889350029935
2011,60,value,2005-12-31,2010-12-31,8.0,11.0,-0.08126081633924077,-0.3295329740895618
2011,60,all_extensions,2005-12-31,2010-12-31,16.0,19.0,-0.11956175446956575,-0.36783391221988676
2012,60,intangibles,2006-12-31,2011-12-31,1.0,4.0,0.0196832083753981,-0.2129137305812674
2012,60,investment,2006-12-31,2011-12-31,0.5,3.5,0.014160593405476674,-0.2184363455511888
2012,60,momentum,2006-12-31,2011-12-31,1.0,4.0,-0.018353943893321862,-0.25095088284998734
2012,60,new,2006-12-31,2011-12-31,0.0,3.0,-1.572815951552305e-17,-0.2325969389566655
2012,60,profitability,2006-12-31,2011-12-31,1.0,4.0,0.01682788293551424,-0.21576905602115123
2012,60,trading_frictions,2006-12-31,2011-12-31,4.0,7.0,-0.05031900212934916,-0.2829159410860146
2012,60,value,2006-12-31,2011-12-31,8.0,11.0,-0.024333277747201523,-0.256930216703867
2012,60,all_extensions,2006-12-31,2011-12-31,16.0,19.0,-0.09286070690966587,-0.32545764586633136
2013,60,intangibles,2007-12-31,2012-12-31,4.0,7.0,-0.08123489904300682,-0.36828159898812185
2013,60,investment,2007-12-31,2012-12-31,4.0,7.0,0.09532662068972506,-0.19172007925538995
2013,60,momentum,2007-12-31,2012-12-31,2.0,5.0,-0.0592568807594673,-0.3463035807045822
2013,60,new,2007-12-31,2012-12-31,0.0,3.0,-8.326672684688674e-18,-0.28704669994511495
2013,60,profitability,2007-12-31,2012-12-31,0.0,3.0,-8.326672684688674e-18,-0.28704669994511495
2013,60,trading_frictions,2007-12-31,2012-12-31,8.0,11.0,-0.3821506142409572,-0.6691973141860722
2013,60,value,2007-12-31,2012-12-31,4.0,7.0,0.10484313797395675,-0.1822035619711582
2013,60,all_extensions,2007-12-31,2012-12-31,16.0,19.0,-0.08773689613762481,-0.37478359608273976
2014,60,intangibles,2008-12-31,2013-12-31,1.0,4.0,0.00870018265637887,-0.09762123984994811
2014,60,investment,2008-12-31,2013-12-31,0.0,3.0,-1.1102230246251566e-17,-0.10632142250632699
2014,60,momentum,2008-12-31,2013-12-31,2.0,5.0,-0.07070527176839025,-0.17702669427471723
2014,60,new,2008-12-31,2013-12-31,1.0,4.0,-0.036908329048815955,-0.14322975155514295
2014,60,profitability,2008-12-31,2013-12-31,1.0,4.0,0.002470582528208894,-0.10385083997811809
2014,60,trading_frictions,2008-12-31,2013-12-31,2.0,5.0,0.0094761118127122,-0.09684531069361478
2014,60,value,2008-12-31,2013-12-31,4.0,7.0,0.12539416353978156,0.019072741033454577
2014,60,all_extensions,2008-12-31,2013-12-31,4.0,7.0,0.06610280076399126,-0.04021862174233572
2015,60,intangibles,2009-12-31,2014-12-31,2.0,5.0,0.006364577793187672,-0.07948684220614181
2015,60,investment,2009-12-31,2014-12-31,4.0,7.0,0.069070620303576,-0.01678079969575351
2015,60,momentum,2009-12-31,2014-12-31,0.0,3.0,-1.1102230246251566e-17,-0.08585141999932949
2015,60,new,2009-12-31,2014-12-31,0.0,3.0,-1.1102230246251566e-17,-0.08585141999932949
2015,60,profitability,2009-12-31,2014-12-31,2.0,5.0,0.014279721320704737,-0.07157169867862474
2015,60,trading_frictions,2009-12-31,2014-12-31,2.0,5.0,-0.01371844432865312,-0.0995698643279826
2015,60,value,2009-12-31,2014-12-31,4.0,7.0,0.10664519486703453,0.020793774867705048
2015,60,all_extensions,2009-12-31,2014-12-31,8.0,11.0,0.09250259923096751,0.006651179231638035
2016,60,intangibles,2010-12-31,2015-12-31,2.0,5.0,0.018808644524092036,-0.058051832031640334
2016,60,investment,2010-12-31,2015-12-31,4.0,7.0,0.06130500533039316,-0.015555471225339214
2016,60,momentum,2010-12-31,2015-12-31,0.0,3.0,-1.3877787807814457e-17,-0.07686047655573239
2016,60,new,2010-12-31,2015-12-31,0.0,3.0,-1.3877787807814457e-17,-0.07686047655573239
2016,60,profitability,2010-12-31,2015-12-31,1.0,4.0,0.010532844293235196,-0.06632763226249717
2016,60,trading_frictions,2010-12-31,2015-12-31,2.0,5.0,-0.020897049274760673,-0.09775752583049305
2016,60,value,2010-12-31,2015-12-31,4.0,7.0,0.1256730797610122,0.04881260320527979
2016,60,all_extensions,2010-12-31,2015-12-31,4.0,7.0,0.08040333091182418,0.0035428543560918208
2017,60,intangibles,2011-12-31,2016-12-31,2.0,5.0,0.029863420062438886,-0.07754065277801317
2017,60,investment,2011-12-31,2016-12-31,4.0,7.0,0.09785192704470318,-0.009552145795748854
2017,60,momentum,2011-12-31,2016-12-31,0.0,3.0,-2.7755575615628915e-18,-0.10740407284045206
2017,60,new,2011-12-31,2016-12-31,0.0,3.0,-2.7755575615628915e-18,-0.10740407284045206
2017,60,profitability,2011-12-31,2016-12-31,2.0,5.0,-0.003658328902689308,-0.11106240174314137
2017,60,trading_frictions,2011-12-31,2016-12-31,1.0,4.0,-0.011207081493974298,-0.11861115433442636
2017,60,value,2011-12-31,2016-12-31,4.0,7.0,0.08826889827248006,-0.019135174567971952
2017,60,all_extensions,2011-12-31,2016-12-31,4.0,7.0,0.09852418720796555,-0.008879885632486512
2018,60,intangibles,2012-12-31,2017-12-31,0.5,3.5,0.015169920013471653,-0.10907654217289668
2018,60,investment,2012-12-31,2017-12-31,4.0,7.0,0.10592145998736617,-0.01832500219900217
2018,60,momentum,2012-12-31,2017-12-31,0.0,3.0,-2.7755575615628915e-18,-0.12424646218636834
2018,60,new,2012-12-31,2017-12-31,0.0,3.0,-2.7755575615628915e-18,-0.12424646218636834
2018,60,profitability,2012-12-31,2017-12-31,2.0,5.0,0.009716312961573766,-0.11453014922479457
2018,60,trading_frictions,2012-12-31,2017-12-31,1.0,4.0,-0.010870093856893923,-0.13511655604326225
2018,60,value,2012-12-31,2017-12-31,4.0,7.0,0.0469981977923141,-0.07724826439405426
2018,60,all_extensions,2012-12-31,2017-12-31,4.0,7.0,0.09629375555626968,-0.02795270663009866
2019,60,intangibles,2013-12-31,2018-12-31,2.0,5.0,0.0470660862338482,-0.08184504544644206
2019,60,investment,2013-12-31,2018-12-31,4.0,7.0,0.13089622480667693,0.0019850931263867
2019,60,momentum,2013-12-31,2018-12-31,0.0,3.0,-2.7755575615628915e-18,-0.12891113168029025
2019,60,new,2013-12-31,2018-12-31,0.0,3.0,-2.7755575615628915e-18,-0.12891113168029025
2019,60,profitability,2013-12-31,2018-12-31,2.0,5.0,-0.00449354451873224,-0.1334046761990225
2019,60,trading_frictions,2013-12-31,2018-12-31,1.0,4.0,-0.005283636862175609,-0.13419476854246587
2019,60,value,2013-12-31,2018-12-31,4.0,7.0,0.0006935167330442804,-0.12821761494724596
2019,60,all_extensions,2013-12-31,2018-12-31,8.0,11.0,0.09691694054041006,-0.03199419113988018
2020,60,intangibles,2014-12-31,2019-12-31,4.0,7.0,0.04566329557336169,-0.08501452396646639
2020,60,investment,2014-12-31,2019-12-31,2.0,5.0,0.08774053092928563,-0.04293728861054244
2020,60,momentum,2014-12-31,2019-12-31,0.0,3.0,9.251858538542971e-19,-0.13067781953982807
2020,60,new,2014-12-31,2019-12-31,0.0,3.0,9.251858538542971e-19,-0.13067781953982807
2020,60,profitability,2014-12-31,2019-12-31,2.0,5.0,-0.013090904573713265,-0.14376872411354136
2020,60,trading_frictions,2014-12-31,2019-12-31,0.0,3.0,9.251858538542971e-19,-0.13067781953982807
2020,60,value,2014-12-31,2019-12-31,4.0,7.0,-0.04603230616192789,-0.17671012570175595
2020,60,all_extensions,2014-12-31,2019-12-31,8.0,11.0,0.031467017866445755,-0.09921080167338231
2021,60,intangibles,2015-12-31,2020-12-31,4.0,7.0,0.021028716878984013,-0.17505819006670287
2021,60,investment,2015-12-31,2020-12-31,2.0,5.0,0.05071752801415566,-0.14536937893153123
2021,60,momentum,2015-12-31,2020-12-31,0.0,3.0,2.3707887505016364e-18,-0.1960869069456869
2021,60,new,2015-12-31,2020-12-31,0.0,3.0,2.3707887505016364e-18,-0.1960869069456869
2021,60,profitability,2015-12-31,2020-12-31,2.0,5.0,0.003939718198195507,-0.1921471887474914
2021,60,trading_frictions,2015-12-31,2020-12-31,0.0,3.0,2.3707887505016364e-18,-0.1960869069456869
2021,60,value,2015-12-31,2020-12-31,4.0,7.0,-0.1144644454391925,-0.3105513523848794
2021,60,all_extensions,2015-12-31,2020-12-31,16.0,19.0,-0.20451947524255362,-0.4006063821882406
2022,60,intangibles,2016-12-31,2021-12-31,4.0,7.0,0.025869323902168232,-0.10629526723959842
2022,60,investment,2016-12-31,2021-12-31,2.0,5.0,-0.0074322541587133195,-0.13959684530047992
2022,60,momentum,2016-12-31,2021-12-31,0.0,3.0,2.3707887505016364e-18,-0.13216459114176662
2022,60,new,2016-12-31,2021-12-31,0.0,3.0,2.3707887505016364e-18,-0.13216459114176662
2022,60,profitability,2016-12-31,2021-12-31,1.0,4.0,0.010230962255250749,-0.12193362888651588
2022,60,trading_frictions,2016-12-31,2021-12-31,0.0,3.0,2.3707887505016364e-18,-0.13216459114176662
2022,60,value,2016-12-31,2021-12-31,4.0,7.0,-0.0950667298110068,-0.2272313209527734
2022,60,all_extensions,2016-12-31,2021-12-31,8.0,11.0,0.02090141933527019,-0.11126317180649646
2023,60,intangibles,2017-12-31,2022-12-31,2.0,5.0,0.03036076288286415,-0.0594251686368984
2023,60,investment,2017-12-31,2022-12-31,2.0,5.0,-0.007429424908386049,-0.0972153564281486
2023,60,momentum,2017-12-31,2022-12-31,0.0,3.0,2.3707887505016364e-18,-0.08978593151976255
2023,60,new,2017-12-31,2022-12-31,0.0,3.0,2.3707887505016364e-18,-0.08978593151976255
2023,60,profitability,2017-12-31,2022-12-31,1.0,4.0,0.01929795376185732,-0.07048797775790525
2023,60,trading_frictions,2017-12-31,2022-12-31,0.0,3.0,2.3707887505016364e-18,-0.08978593151976255
2023,60,value,2017-12-31,2022-12-31,2.0,5.0,0.0010144175660949902,-0.08877151395366757
2023,60,all_extensions,2017-12-31,2022-12-31,4.0,7.0,0.0367913816193408,-0.05299454990042177
2024,60,intangibles,2018-12-31,2023-12-31,4.0,7.0,0.0038031443380719676,-0.20383946826203547
2024,60,investment,2018-12-31,2023-12-31,2.0,5.0,-0.0351634684395584,-0.24280608103966586
2024,60,momentum,2018-12-31,2023-12-31,4.0,6.920000000000001,-0.16652346430613985,-0.37416607690624726
2024,60,new,2018-12-31,2023-12-31,0.0,3.0,2.3707887505016364e-18,-0.20764261260010744
2024,60,profitability,2018-12-31,2023-12-31,1.0,4.0,0.01921578059737539,-0.18842683200273205
2024,60,trading_frictions,2018-12-31,2023-12-31,0.0,3.0,2.3707887505016364e-18,-0.20764261260010744
2024,60,value,2018-12-31,2023-12-31,1.0,4.0,0.0011918420696676035,-0.20645077053043984
2024,60,all_extensions,2018-12-31,2023-12-31,4.0,7.0,0.025436109534576975,-0.1822065030655305
2025,60,intangibles,2019-12-31,2024-12-31,2.0,5.0,-0.007581719003491224,-0.1674268490288906
2025,60,investment,2019-12-31,2024-12-31,2.0,5.0,0.0061905707634834104,-0.15365455926191599
2025,60,momentum,2019-12-31,2024-12-31,0.0,3.0,-8.731441495749929e-18,-0.15984513002539938
2025,60,new,2019-12-31,2024-12-31,0.0,3.0,-8.731441495749929e-18,-0.15984513002539938
2025,60,profitability,2019-12-31,2024-12-31,0.5,3.5,0.006012589343778986,-0.1538325406816204
2025,60,trading_frictions,2019-12-31,2024-12-31,4.0,7.0,-0.03915041711309207,-0.19899554713849144
2025,60,value,2019-12-31,2024-12-31,1.0,4.0,0.005513054300726494,-0.1543320757246729
2025,60,all_extensions,2019-12-31,2024-12-31,4.0,7.0,0.017759229782343844,-0.14208590024305554
2005,120,intangibles,1999-12-31,2004-12-31,8.0,11.0,0.10876345069286078,-0.2420904066934539
2005,120,investment,1999-12-31,2004-12-31,2.0,5.0,0.10005242322449036,-0.2508014341618243
2005,120,momentum,1999-12-31,2004-12-31,1.0,4.0,0.009536309178511091,-0.3413175482078035
2005,120,new,1999-12-31,2004-12-31,0.0,3.0,-3.804826823975797e-17,-0.3508538573863147
2005,120,profitability,1999-12-31,2004-12-31,0.5,3.5,0.03658455354290808,-0.31426930384340657
2005,120,trading_frictions,1999-12-31,2004-12-31,2.0,5.0,0.0436360844447167,-0.30721777294159797
2005,120,value,1999-12-31,2004-12-31,16.0,14.759999999999998,0.17552162198539129,-0.17533223540092333
2005,120,all_extensions,1999-12-31,2004-12-31,8.0,11.0,0.37517743164624306,0.02432357425992837
2006,120,intangibles,2000-12-31,2005-12-31,4.0,7.0,0.1698586321305336,-0.16086707904022976
2006,120,investment,2000-12-31,2005-12-31,1.0,4.0,0.08727540976353798,-0.24345030140722537
2006,120,momentum,2000-12-31,2005-12-31,1.0,4.0,0.017360606946007866,-0.3133651042247555
2006,120,new,2000-12-31,2005-12-31,0.5,3.5,-0.030281542797435668,-0.36100725396819905
2006,120,profitability,2000-12-31,2005-12-31,1.0,4.0,0.013518116816835877,-0.3172075943539275
2006,120,trading_frictions,2000-12-31,2005-12-31,2.0,5.0,0.06907790970264331,-0.26164780146812006
2006,120,value,2000-12-31,2005-12-31,8.0,11.0,0.3384606819263594,0.007734970755596093
2006,120,all_extensions,2000-12-31,2005-12-31,8.0,11.0,0.2873945959958766,-0.04333111517488697
2007,120,intangibles,2001-12-31,2006-12-31,8.0,11.0,-0.09767990693321318,-0.3276684079327689
2007,120,investment,2001-12-31,2006-12-31,2.0,5.0,-0.0021758914473148845,-0.23216439244687062
2007,120,momentum,2001-12-31,2006-12-31,1.0,4.0,0.003468177467495818,-0.22652032353205992
2007,120,new,2001-12-31,2006-12-31,0.0,3.0,-6.0137080500529315e-18,-0.22998850099955573
2007,120,profitability,2001-12-31,2006-12-31,2.0,5.0,-0.017659859023696066,-0.2476483600232518
2007,120,trading_frictions,2001-12-31,2006-12-31,2.0,5.0,0.03196347395904082,-0.19802502704051492
2007,120,value,2001-12-31,2006-12-31,8.0,11.0,0.14029224524599815,-0.08969625575355755
2007,120,all_extensions,2001-12-31,2006-12-31,8.0,11.0,0.059423732797540804,-0.17056476820201494
2008,120,intangibles,2002-12-31,2007-12-31,4.0,7.0,0.015810929308302187,-0.11450631049459742
2008,120,investment,2002-12-31,2007-12-31,2.0,5.0,-0.0017057164908386509,-0.13202295629373823
2008,120,momentum,2002-12-31,2007-12-31,0.5,3.5,-0.00016584142216931607,-0.1304830812250689
2008,120,new,2002-12-31,2007-12-31,0.0,3.0,-7.401486830834377e-18,-0.13031723980289958
2008,120,profitability,2002-12-31,2007-12-31,1.0,4.0,-0.0005616928522619617,-0.13087893265516154
2008,120,trading_frictions,2002-12-31,2007-12-31,2.0,5.0,0.02430369975444413,-0.10601354004845545
2008,120,value,2002-12-31,2007-12-31,8.0,11.0,0.07133444049499692,-0.05898279930790268
2008,120,all_extensions,2002-12-31,2007-12-31,8.0,11.0,0.024461776298173744,-0.10585546350472583
2009,120,intangibles,2003-12-31,2008-12-31,4.0,7.0,-0.059346271678412985,-0.1913528544016671
2009,120,investment,2003-12-31,2008-12-31,2.0,5.0,-0.056676415893176964,-0.1886829986164311
2009,120,momentum,2003-12-31,2008-12-31,0.5,3.5,-0.0007659465164200519,-0.1327725292396742
2009,120,new,2003-12-31,2008-12-31,0.0,3.0,-7.401486830834377e-18,-0.13200658272325413
2009,120,profitability,2003-12-31,2008-12-31,1.0,4.0,0.018312277051454308,-0.11369430567179983
2009,120,trading_frictions,2003-12-31,2008-12-31,2.0,5.0,0.016986379162332168,-0.11502020356092196
2009,120,value,2003-12-31,2008-12-31,8.0,11.0,0.06707369888400933,-0.06493288383924482
2009,120,all_extensions,2003-12-31,2008-12-31,16.0,19.0,-0.04027011317287678,-0.17227669589613093
2010,120,intangibles,2004-12-31,2009-12-31,4.0,7.0,-0.036110332105043004,-0.15222295272090963
2010,120,investment,2004-12-31,2009-12-31,4.0,7.0,0.020189689801474568,-0.09592293081439206
2010,120,momentum,2004-12-31,2009-12-31,0.5,3.5,-0.0027527636153922524,-0.11886538423125889
2010,120,new,2004-12-31,2009-12-31,0.5,3.5,0.001155649951046092,-0.11495697066482054
2010,120,profitability,2004-12-31,2009-12-31,4.0,7.0,-0.013500935080377233,-0.1296135556962439
2010,120,trading_frictions,2004-12-31,2009-12-31,2.0,5.0,0.022781187591930225,-0.09333143302393641
2010,120,value,2004-12-31,2009-12-31,8.0,11.0,0.0639026561917663,-0.052209964424100364
2010,120,all_extensions,2004-12-31,2009-12-31,16.0,19.0,0.023665695440479355,-0.0924469251753873
2011,120,intangibles,2005-12-31,2010-12-31,4.0,7.0,-0.05492875699975181,-0.2202610987427726
2011,120,investment,2005-12-31,2010-12-31,8.0,9.86,-0.01246708610670645,-0.17779942784972724
2011,120,momentum,2005-12-31,2010-12-31,2.0,5.0,-0.024254673579233752,-0.18958701532225455
2011,120,new,2005-12-31,2010-12-31,0.0,3.0,-1.4802973661668754e-17,-0.16533234174302083
2011,120,profitability,2005-12-31,2010-12-31,4.0,7.0,-0.020204341362411334,-0.18553668310543214
2011,120,trading_frictions,2005-12-31,2010-12-31,4.0,7.0,-0.003936320681231695,-0.1692686624242525
2011,120,value,2005-12-31,2010-12-31,16.0,14.759999999999998,-0.1284756263221198,-0.29380796806514065
2011,120,all_extensions,2005-12-31,2010-12-31,16.0,19.0,-0.03102630288934407,-0.19635864463236488
2012,120,intangibles,2006-12-31,2011-12-31,1.0,4.0,-0.014617171186770283,-0.23559573791867866
2012,120,investment,2006-12-31,2011-12-31,8.0,9.86,-0.010022364278888304,-0.2310009310107967
2012,120,momentum,2006-12-31,2011-12-31,1.0,4.0,-0.013367365220568948,-0.23434593195247733
2012,120,new,2006-12-31,2011-12-31,0.0,3.0,0.0,-0.22097856673190838
2012,120,profitability,2006-12-31,2011-12-31,0.0,3.0,0.0,-0.22097856673190838
2012,120,trading_frictions,2006-12-31,2011-12-31,4.0,7.0,-0.05966023680195331,-0.28063880353386167
2012,120,value,2006-12-31,2011-12-31,8.0,11.0,0.06757456380687511,-0.15340400292503326
2012,120,all_extensions,2006-12-31,2011-12-31,32.0,35.0,-0.1381199763519906,-0.359098543083899
2013,120,intangibles,2007-12-31,2012-12-31,2.0,5.0,-0.029646041036758126,-0.2153286788722123
2013,120,investment,2007-12-31,2012-12-31,8.0,9.86,0.025784794697463215,-0.15989784313799096
2013,120,momentum,2007-12-31,2012-12-31,4.0,6.920000000000001,-0.08669958642550404,-0.27238222426095826
2013,120,new,2007-12-31,2012-12-31,0.0,3.0,0.0,-0.18568263783545416
2013,120,profitability,2007-12-31,2012-12-31,0.5,3.5,0.0008470295726480688,-0.1848356082628061
2013,120,trading_frictions,2007-12-31,2012-12-31,4.0,7.0,-0.04496118171044894,-0.23064381954590313
2013,120,value,2007-12-31,2012-12-31,8.0,11.0,0.0369645772615881,-0.14871806057386605
2013,120,all_extensions,2007-12-31,2012-12-31,32.0,35.0,-0.13993283286649844,-0.3256154707019526
2014,120,intangibles,2008-12-31,2013-12-31,0.0,3.0,-3.7007434154171884e-18,-0.08783244800598398
2014,120,investment,2008-12-31,2013-12-31,0.0,3.0,-3.7007434154171884e-18,-0.08783244800598398
2014,120,momentum,2008-12-31,2013-12-31,0.0,3.0,-3.7007434154171884e-18,-0.08783244800598398
2014,120,new,2008-12-31,2013-12-31,4.0,5.939999999999999,0.0012900470228236695,-0.08654240098316031
2014,120,profitability,2008-12-31,2013-12-31,2.0,5.0,-0.03746045036771352,-0.1252928983736975
2014,120,trading_frictions,2008-12-31,2013-12-31,2.0,5.0,-0.012341233665645624,-0.10017368167162961
2014,120,value,2008-12-31,2013-12-31,4.0,7.0,0.11940202907289839,0.031569581066914404
2014,120,all_extensions,2008-12-31,2013-12-31,0.0,3.0,-3.7007434154171884e-18,-0.08783244800598398
2015,120,intangibles,2009-12-31,2014-12-31,0.5,3.5,-0.006810339039096309,-0.07294786179828831
2015,120,investment,2009-12-31,2014-12-31,4.0,7.0,0.003145001625629984,-0.06299252113356203
2015,120,momentum,2009-12-31,2014-12-31,0.0,3.0,3.7007434154171884e-18,-0.066137522759192
2015,120,new,2009-12-31,2014-12-31,4.0,5.939999999999999,0.004743112584137869,-0.06139441017505414
2015,120,profitability,2009-12-31,2014-12-31,2.0,5.0,-0.014163192149413464,-0.08030071490860548
2015,120,trading_frictions,2009-12-31,2014-12-31,2.0,5.0,-0.019252855652917754,-0.08539037841210977
2015,120,value,2009-12-31,2014-12-31,4.0,7.0,0.10982591704818964,0.04368839428899764
2015,120,all_extensions,2009-12-31,2014-12-31,8.0,11.0,0.06528385850344938,-0.0008536642557426255
2016,120,intangibles,2010-12-31,2015-12-31,0.0,3.0,3.7007434154171884e-18,-0.06930580323582897
2016,120,investment,2010-12-31,2015-12-31,4.0,7.0,-0.0016079784295261006,-0.07091378166535507
2016,120,momentum,2010-12-31,2015-12-31,0.0,3.0,3.7007434154171884e-18,-0.06930580323582897
2016,120,new,2010-12-31,2015-12-31,1.0,4.0,0.008731207215154304,-0.060574596020674665
2016,120,profitability,2010-12-31,2015-12-31,1.0,4.0,-0.006018114683692092,-0.07532391791952106
2016,120,trading_frictions,2010-12-31,2015-12-31,1.0,4.0,-0.014036685265134591,-0.08334248850096355
2016,120,value,2010-12-31,2015-12-31,4.0,7.0,0.13495301465660287,0.0656472114207739
2016,120,all_extensions,2010-12-31,2015-12-31,4.0,7.0,0.03045662226303216,-0.0388491809727968
2017,120,intangibles,2011-12-31,2016-12-31,0.0,3.0,-7.401486830834377e-18,-0.08762360280074455
2017,120,investment,2011-12-31,2016-12-31,4.0,7.0,-0.006152958120422181,-0.09377656092116672
2017,120,momentum,2011-12-31,2016-12-31,0.0,3.0,-7.401486830834377e-18,-0.08762360280074455
2017,120,new,2011-12-31,2016-12-31,2.0,5.0,-0.0006755067925549844,-0.08829910959329952
2017,120,profitability,2011-12-31,2016-12-31,1.0,4.0,-0.009250534371421877,-0.09687413717216642
2017,120,trading_frictions,2011-12-31,2016-12-31,0.0,3.0,-7.401486830834377e-18,-0.08762360280074455
2017,120,value,2011-12-31,2016-12-31,4.0,7.0,0.08262353721874265,-0.005000065582001889
2017,120,all_extensions,2011-12-31,2016-12-31,8.0,11.0,0.0682085864225357,-0.019415016378208833
2018,120,intangibles,2012-12-31,2017-12-31,0.0,3.0,-7.401486830834377e-18,-0.08802173067326562
2018,120,investment,2012-12-31,2017-12-31,4.0,7.0,0.02374652936357468,-0.0642752013096909
2018,120,momentum,2012-12-31,2017-12-31,0.0,3.0,-7.401486830834377e-18,-0.08802173067326562
2018,120,new,2012-12-31,2017-12-31,2.0,5.0,0.00030314249653566697,-0.08771858817672994
2018,120,profitability,2012-12-31,2017-12-31,0.5,3.5,-0.00031612490877208264,-0.08833785558203769
2018,120,trading_frictions,2012-12-31,2017-12-31,0.5,3.5,-0.002063174512312699,-0.0900849051855783
2018,120,value,2012-12-31,2017-12-31,4.0,7.0,0.08159637592677178,-0.0064253547464938054
2018,120,all_extensions,2012-12-31,2017-12-31,8.0,11.0,0.07224236943723382,-0.015779361236031797
2019,120,intangibles,2013-12-31,2018-12-31,0.0,3.0,-3.7007434154171884e-18,-0.11047804631463197
2019,120,investment,2013-12-31,2018-12-31,8.0,9.86,0.06296390970480874,-0.04751413660982322
2019,120,momentum,2013-12-31,2018-12-31,0.0,3.0,-3.7007434154171884e-18,-0.11047804631463197
2019,120,new,2013-12-31,2018-12-31,1.0,4.0,-0.00543808699886332,-0.11591613331349529
2019,120,profitability,2013-12-31,2018-12-31,0.0,3.0,-3.7007434154171884e-18,-0.11047804631463197
2019,120,trading_frictions,2013-12-31,2018-12-31,0.0,3.0,-3.7007434154171884e-18,-0.11047804631463197
2019,120,value,2013-12-31,2018-12-31,8.0,11.0,0.02660506069225287,-0.08387298562237912
2019,120,all_extensions,2013-12-31,2018-12-31,16.0,19.0,0.08693774670650165,-0.02354029960813031
2020,120,intangibles,2014-12-31,2019-12-31,0.0,3.0,0.0,-0.19186419579000075
2020,120,investment,2014-12-31,2019-12-31,2.0,5.0,0.03849884189479275,-0.153365353895208
2020,120,momentum,2014-12-31,2019-12-31,0.0,3.0,0.0,-0.19186419579000075
2020,120,new,2014-12-31,2019-12-31,2.0,5.0,-0.014347170660218534,-0.20621136645021929
2020,120,profitability,2014-12-31,2019-12-31,0.0,3.0,0.0,-0.19186419579000075
2020,120,trading_frictions,2014-12-31,2019-12-31,0.0,3.0,0.0,-0.19186419579000075
2020,120,value,2014-12-31,2019-12-31,4.0,7.0,0.01580273279907786,-0.1760614629909229
2020,120,all_extensions,2014-12-31,2019-12-31,32.0,35.0,-0.15586150157529052,-0.34772569736529124
2021,120,intangibles,2015-12-31,2020-12-31,0.0,3.0,-1.8503717077085942e-18,-0.3637915930427554
2021,120,investment,2015-12-31,2020-12-31,1.0,4.0,0.020621585779714655,-0.3431700072630407
2021,120,momentum,2015-12-31,2020-12-31,0.0,3.0,-1.8503717077085942e-18,-0.3637915930427554
2021,120,new,2015-12-31,2020-12-31,2.0,5.0,-0.04354164376914753,-0.4073332368119029
2021,120,profitability,2015-12-31,2020-12-31,0.0,3.0,-1.8503717077085942e-18,-0.3637915930427554
2021,120,trading_frictions,2015-12-31,2020-12-31,0.0,3.0,-1.8503717077085942e-18,-0.3637915930427554
2021,120,value,2015-12-31,2020-12-31,4.0,7.0,-0.052197678385500865,-0.41598927142825626
2021,120,all_extensions,2015-12-31,2020-12-31,32.0,35.0,-0.33212324036447577,-0.6959148334072311
2022,120,intangibles,2016-12-31,2021-12-31,0.0,3.0,5.551115123125783e-18,-0.24965725376358824
2022,120,investment,2016-12-31,2021-12-31,1.0,4.0,0.025370947701632052,-0.22428630606195618
2022,120,momentum,2016-12-31,2021-12-31,0.0,3.0,5.551115123125783e-18,-0.24965725376358824
2022,120,new,2016-12-31,2021-12-31,1.0,4.0,-0.010617879956619608,-0.26027513372020783
2022,120,profitability,2016-12-31,2021-12-31,0.0,3.0,5.551115123125783e-18,-0.24965725376358824
2022,120,trading_frictions,2016-12-31,2021-12-31,0.5,3.5,0.0034815333640758343,-0.2461757203995124
2022,120,value,2016-12-31,2021-12-31,4.0,7.0,0.0564110814128136,-0.19324617235077465
2022,120,all_extensions,2016-12-31,2021-12-31,16.0,19.0,0.13469976985452442,-0.11495748390906382
2023,120,intangibles,2017-12-31,2022-12-31,0.0,3.0,1.8503717077085942e-18,-0.23855967004232312
2023,120,investment,2017-12-31,2022-12-31,2.0,5.0,0.03355659872599019,-0.2050030713163329
2023,120,momentum,2017-12-31,2022-12-31,0.0,3.0,1.8503717077085942e-18,-0.23855967004232312
2023,120,new,2017-12-31,2022-12-31,1.0,4.0,-0.013337805324488423,-0.25189747536681156
2023,120,profitability,2017-12-31,2022-12-31,0.0,3.0,1.8503717077085942e-18,-0.23855967004232312
2023,120,trading_frictions,2017-12-31,2022-12-31,0.0,3.0,1.8503717077085942e-18,-0.23855967004232312
2023,120,value,2017-12-31,2022-12-31,4.0,7.0,0.08495162790617253,-0.15360804213615065
2023,120,all_extensions,2017-12-31,2022-12-31,16.0,19.0,0.13326332117652898,-0.10529634886579414
2024,120,intangibles,2018-12-31,2023-12-31,4.0,7.0,0.038009245978288995,-0.19044956981634104
2024,120,investment,2018-12-31,2023-12-31,4.0,7.0,-0.027728505294003603,-0.2561873210886336
2024,120,momentum,2018-12-31,2023-12-31,4.0,6.920000000000001,-0.09310685812440483,-0.32156567391903484
2024,120,new,2018-12-31,2023-12-31,0.0,3.0,1.8503717077085942e-18,-0.22845881579463
2024,120,profitability,2018-12-31,2023-12-31,2.0,5.0,0.07153115259812122,-0.1569276631965088
2024,120,trading_frictions,2018-12-31,2023-12-31,0.0,3.0,1.8503717077085942e-18,-0.22845881579463
2024,120,value,2018-12-31,2023-12-31,2.0,5.0,0.04793606600892544,-0.18052274978570457
2024,120,all_extensions,2018-12-31,2023-12-31,16.0,19.0,0.12044215449684284,-0.10801666129778717
2025,120,intangibles,2019-12-31,2024-12-31,4.0,7.0,-0.012842360157049959,-0.17562294426558112
2025,120,investment,2019-12-31,2024-12-31,2.0,5.0,0.04471394686144595,-0.11806663724708519
2025,120,momentum,2019-12-31,2024-12-31,0.0,3.0,5.551115123125783e-18,-0.16278058410853113
2025,120,new,2019-12-31,2024-12-31,0.0,3.0,5.551115123125783e-18,-0.16278058410853113
2025,120,profitability,2019-12-31,2024-12-31,2.0,5.0,0.05473944682473772,-0.10804113728379339
2025,120,trading_frictions,2019-12-31,2024-12-31,4.0,7.0,0.006502876100823429,-0.15627770800770768
2025,120,value,2019-12-31,2024-12-31,2.0,5.0,0.04700740355483332,-0.11577318055369781
2025,120,all_extensions,2019-12-31,2024-12-31,8.0,11.0,0.10143181178043308,-0.06134877232809803
2005,240,intangibles,1999-12-31,2004-12-31,8.0,11.0,0.2318641367041428,-0.23212917342456224
2005,240,investment,1999-12-31,2004-12-31,4.0,7.0,0.07193633944096876,-0.3920569706877364
2005,240,momentum,1999-12-31,2004-12-31,1.0,4.0,0.00970820845721504,-0.45428510167149005
2005,240,new,1999-12-31,2004-12-31,0.0,3.0,-2.5673907444456746e-17,-0.4639933101287051
2005,240,profitability,1999-12-31,2004-12-31,0.0,3.0,-2.5673907444456746e-17,-0.4639933101287051
2005,240,trading_frictions,1999-12-31,2004-12-31,8.0,11.0,-0.319837061247768,-0.7838303713764732
2005,240,value,1999-12-31,2004-12-31,16.0,14.759999999999998,0.12961998001875616,-0.33437333010994896
2005,240,all_extensions,1999-12-31,2004-12-31,16.0,19.0,0.39891485537638643,-0.06507845475231866
2006,240,intangibles,2000-12-31,2005-12-31,8.0,11.0,0.24456208256591014,-0.07183665816345855
2006,240,investment,2000-12-31,2005-12-31,2.0,5.0,0.15219671451960082,-0.16420202620976798
2006,240,momentum,2000-12-31,2005-12-31,0.0,3.0,-9.945747928933694e-18,-0.31639874072936874
2006,240,new,2000-12-31,2005-12-31,0.0,3.0,-9.945747928933694e-18,-0.31639874072936874
2006,240,profitability,2000-12-31,2005-12-31,0.5,3.5,0.037358097904888934,-0.2790406428244798
2006,240,trading_frictions,2000-12-31,2005-12-31,0.5,3.5,0.029474508256718716,-0.28692423247265003
2006,240,value,2000-12-31,2005-12-31,8.0,11.0,0.4100138868818525,0.09361514615248395
2006,240,all_extensions,2000-12-31,2005-12-31,8.0,11.0,0.35537092441095663,0.03897218368158789
2007,240,intangibles,2001-12-31,2006-12-31,8.0,11.0,0.009850137094137552,-0.20391575403354556
2007,240,investment,2001-12-31,2006-12-31,2.0,5.0,0.01514323577233147,-0.19862265535535167
2007,240,momentum,2001-12-31,2006-12-31,0.5,3.5,0.007157136361545696,-0.20660875476613746
2007,240,new,2001-12-31,2006-12-31,0.0,3.0,-1.295260195396016e-17,-0.21376589112768316
2007,240,profitability,2001-12-31,2006-12-31,4.0,7.0,-0.027390988672936996,-0.24115687980062014
2007,240,trading_frictions,2001-12-31,2006-12-31,1.0,4.0,0.023161277005743833,-0.19060461412193933
2007,240,value,2001-12-31,2006-12-31,8.0,11.0,0.17216604932846305,-0.04159984179922008
2007,240,all_extensions,2001-12-31,2006-12-31,16.0,19.0,0.11093549886742812,-0.10283039226025503
2008,240,intangibles,2002-12-31,2007-12-31,8.0,11.0,-0.02141087083964837,-0.1966658307955644
2008,240,investment,2002-12-31,2007-12-31,2.0,5.0,-0.008144414427941279,-0.18339937438385734
2008,240,momentum,2002-12-31,2007-12-31,0.5,3.5,-0.00016783378808944612,-0.1754227937440055
2008,240,new,2002-12-31,2007-12-31,0.0,3.0,7.401486830834377e-18,-0.17525495995591606
2008,240,profitability,2002-12-31,2007-12-31,2.0,5.0,0.006185226962079691,-0.16906973299383637
2008,240,trading_frictions,2002-12-31,2007-12-31,1.0,4.0,0.0127355456259082,-0.16251941433000786
2008,240,value,2002-12-31,2007-12-31,8.0,11.0,0.1275274767986374,-0.04772748315727868
2008,240,all_extensions,2002-12-31,2007-12-31,16.0,19.0,0.0631185655713952,-0.11213639438452087
2009,240,intangibles,2003-12-31,2008-12-31,8.0,11.0,-0.09707142910689832,-0.2248895701585507
2009,240,investment,2003-12-31,2008-12-31,2.0,5.0,-0.0662402410570604,-0.1940583821087128
2009,240,momentum,2003-12-31,2008-12-31,0.5,3.5,-0.0018693142080372482,-0.12968745525968964
2009,240,new,2003-12-31,2008-12-31,0.0,3.0,7.401486830834377e-18,-0.1278181410516524
2009,240,profitability,2003-12-31,2008-12-31,2.0,5.0,0.04618585392848674,-0.08163228712316566
2009,240,trading_frictions,2003-12-31,2008-12-31,1.0,4.0,0.0026619357588117693,-0.12515620529284063
2009,240,value,2003-12-31,2008-12-31,8.0,11.0,0.08853253364968942,-0.03928560740196299
2009,240,all_extensions,2003-12-31,2008-12-31,16.0,19.0,0.026099501114381012,-0.10171863993727139
2010,240,intangibles,2004-12-31,2009-12-31,8.0,11.0,-0.1239737863645697,-0.2988095364041693
2010,240,investment,2004-12-31,2009-12-31,2.0,5.0,-0.0014619821286839631,-0.17629773216828357
2010,240,momentum,2004-12-31,2009-12-31,0.5,3.5,-0.0013758652575888385,-0.17621161529718846
2010,240,new,2004-12-31,2009-12-31,0.0,3.0,-3.7007434154171884e-18,-0.1748357500395996
2010,240,profitability,2004-12-31,2009-12-31,4.0,7.0,-0.01601907533829488,-0.1908548253778945
2010,240,trading_frictions,2004-12-31,2009-12-31,1.0,4.0,0.011234370682505322,-0.1636013793570943
2010,240,value,2004-12-31,2009-12-31,8.0,11.0,0.14058541962675156,-0.03425033041284814
2010,240,all_extensions,2004-12-31,2009-12-31,16.0,19.0,0.0825721699364566,-0.09226358010314302
2011,240,intangibles,2005-12-31,2010-12-31,8.0,11.0,-0.17195038648108843,-0.4124910376671367
2011,240,investment,2005-12-31,2010-12-31,8.0,9.86,-0.037211562929346534,-0.27775221411539475
2011,240,momentum,2005-12-31,2010-12-31,4.0,6.920000000000001,-0.045072344108776634,-0.28561299529482487
2011,240,new,2005-12-31,2010-12-31,0.0,3.0,-3.7007434154171884e-18,-0.24054065118604825
2011,240,profitability,2005-12-31,2010-12-31,8.0,8.879999999999997,-0.11731479247444183,-0.35785544366049005
2011,240,trading_frictions,2005-12-31,2010-12-31,4.0,7.0,-0.011082533696528955,-0.25162318488257723
2011,240,value,2005-12-31,2010-12-31,16.0,14.759999999999998,-0.0062162855792530555,-0.24675693676530128
2011,240,all_extensions,2005-12-31,2010-12-31,16.0,19.0,0.014083388652755605,-0.22645726253329265
2012,240,intangibles,2006-12-31,2011-12-31,2.0,5.0,-0.04860078096793873,-0.29329878398369486
2012,240,investment,2006-12-31,2011-12-31,8.0,9.86,-0.058656166788220894,-0.303354169803977
2012,240,momentum,2006-12-31,2011-12-31,4.0,6.920000000000001,-0.05734302185551689,-0.302041024871273
2012,240,new,2006-12-31,2011-12-31,0.0,3.0,7.401486830834377e-18,-0.24469800301575612
2012,240,profitability,2006-12-31,2011-12-31,1.0,4.0,-0.0012952104054502534,-0.24599321342120636
2012,240,trading_frictions,2006-12-31,2011-12-31,4.0,7.0,-0.07716144262287418,-0.3218594456386303
2012,240,value,2006-12-31,2011-12-31,16.0,14.759999999999998,0.030944501043592778,-0.2137535019721633
2012,240,all_extensions,2006-12-31,2011-12-31,32.0,35.0,-0.0059100881985782675,-0.2506080912143344
2013,240,intangibles,2007-12-31,2012-12-31,2.0,5.0,-0.03749579642611963,-0.25573085333641304
2013,240,investment,2007-12-31,2012-12-31,0.0,3.0,7.401486830834377e-18,-0.21823505691029343
2013,240,momentum,2007-12-31,2012-12-31,4.0,6.920000000000001,-0.05734410734386304,-0.27557916425415646
2013,240,new,2007-12-31,2012-12-31,0.0,3.0,7.401486830834377e-18,-0.21823505691029343
2013,240,profitability,2007-12-31,2012-12-31,1.0,4.0,-0.00910170154790582,-0.22733675845819926
2013,240,trading_frictions,2007-12-31,2012-12-31,8.0,11.0,-0.09386888223390084,-0.31210393914419426
2013,240,value,2007-12-31,2012-12-31,16.0,14.759999999999998,0.0077197402662672445,-0.21051531664402617
2013,240,all_extensions,2007-12-31,2012-12-31,32.0,35.0,0.01059468477286676,-0.20764037213742667
2014,240,intangibles,2008-12-31,2013-12-31,0.0,3.0,7.401486830834377e-18,-0.19807275972907987
2014,240,investment,2008-12-31,2013-12-31,0.0,3.0,7.401486830834377e-18,-0.19807275972907987
2014,240,momentum,2008-12-31,2013-12-31,0.0,3.0,7.401486830834377e-18,-0.19807275972907987
2014,240,new,2008-12-31,2013-12-31,4.0,5.939999999999999,-0.015533082035029915,-0.2136058417641098
2014,240,profitability,2008-12-31,2013-12-31,4.0,7.0,-0.12967812153821873,-0.3277508812672986
2014,240,trading_frictions,2008-12-31,2013-12-31,1.0,4.0,0.0022006469199685186,-0.19587211280911135
2014,240,value,2008-12-31,2013-12-31,8.0,11.0,0.17443163073962753,-0.023641128989452337
2014,240,all_extensions,2008-12-31,2013-12-31,32.0,35.0,0.07049794401766801,-0.12757481571141185
2015,240,intangibles,2009-12-31,2014-12-31,0.0,3.0,1.1102230246251566e-17,-0.10967086613233215
2015,240,investment,2009-12-31,2014-12-31,0.5,3.5,0.027516909021072785,-0.08215395711125938
2015,240,momentum,2009-12-31,2014-12-31,0.0,3.0,1.1102230246251566e-17,-0.10967086613233215
2015,240,new,2009-12-31,2014-12-31,1.0,4.0,0.005415591272293302,-0.10425527486003887
2015,240,profitability,2009-12-31,2014-12-31,2.0,5.0,-0.027075952844517193,-0.13674681897684934
2015,240,trading_frictions,2009-12-31,2014-12-31,2.0,5.0,-0.020454781738045227,-0.1301256478703774
2015,240,value,2009-12-31,2014-12-31,8.0,11.0,0.11244426383667055,0.002773397704338404
2015,240,all_extensions,2009-12-31,2014-12-31,16.0,19.0,0.09038929419060547,-0.019281571941726694
2016,240,intangibles,2010-12-31,2015-12-31,0.0,3.0,1.1102230246251566e-17,-0.049587612651178954
2016,240,investment,2010-12-31,2015-12-31,1.0,4.0,0.05135011068711723,0.0017624980359382467
2016,240,momentum,2010-12-31,2015-12-31,0.0,3.0,1.1102230246251566e-17,-0.049587612651178954
2016,240,new,2010-12-31,2015-12-31,0.0,3.0,1.1102230246251566e-17,-0.049587612651178954
2016,240,profitability,2010-12-31,2015-12-31,0.5,3.5,-0.0030384435478116017,-0.05262605619899057
2016,240,trading_frictions,2010-12-31,2015-12-31,1.0,4.0,-0.014782920047960956,-0.06437053269913992
2016,240,value,2010-12-31,2015-12-31,4.0,7.0,0.12869804614396052,0.07911043349278152
2016,240,all_extensions,2010-12-31,2015-12-31,8.0,11.0,0.08894792286539992,0.03936031021422096
2017,240,intangibles,2011-12-31,2016-12-31,0.0,3.0,3.7007434154171884e-18,-0.09633099939580748
2017,240,investment,2011-12-31,2016-12-31,1.0,4.0,0.048096983759970985,-0.04823401563583653
2017,240,momentum,2011-12-31,2016-12-31,0.0,3.0,3.7007434154171884e-18,-0.09633099939580748
2017,240,new,2011-12-31,2016-12-31,1.0,4.0,0.0047672745523902015,-0.09156372484341728
2017,240,profitability,2011-12-31,2016-12-31,0.5,3.5,-0.0007874371967778941,-0.09711843659258537
2017,240,trading_frictions,2011-12-31,2016-12-31,0.0,3.0,3.7007434154171884e-18,-0.09633099939580748
2017,240,value,2011-12-31,2016-12-31,8.0,11.0,0.09912641942734954,0.0027954200315420535
2017,240,all_extensions,2011-12-31,2016-12-31,16.0,19.0,0.1368936027784651,0.04056260338265759
2018,240,intangibles,2012-12-31,2017-12-31,0.0,3.0,1.1102230246251566e-17,-0.0989129011907887
2018,240,investment,2012-12-31,2017-12-31,2.0,5.0,0.07040096760350946,-0.02851193358727923
2018,240,momentum,2012-12-31,2017-12-31,0.0,3.0,1.1102230246251566e-17,-0.0989129011907887
2018,240,new,2012-12-31,2017-12-31,0.5,3.5,0.006139424022688558,-0.09277347716810015
2018,240,profitability,2012-12-31,2017-12-31,0.0,3.0,1.1102230246251566e-17,-0.0989129011907887
2018,240,trading_frictions,2012-12-31,2017-12-31,0.0,3.0,1.1102230246251566e-17,-0.0989129011907887
2018,240,value,2012-12-31,2017-12-31,8.0,11.0,0.11022547531106883,0.011312574120280125
2018,240,all_extensions,2012-12-31,2017-12-31,8.0,11.0,0.12866163987199894,0.02974873868121025
2019,240,intangibles,2013-12-31,2018-12-31,0.0,3.0,1.1102230246251566e-17,-0.15943903459883826
2019,240,investment,2013-12-31,2018-12-31,4.0,7.0,0.07852018606621028,-0.08091884853262798
2019,240,momentum,2013-12-31,2018-12-31,0.0,3.0,1.1102230246251566e-17,-0.15943903459883826
2019,240,new,2013-12-31,2018-12-31,0.0,3.0,1.1102230246251566e-17,-0.15943903459883826
2019,240,profitability,2013-12-31,2018-12-31,0.0,3.0,1.1102230246251566e-17,-0.15943903459883826
2019,240,trading_frictions,2013-12-31,2018-12-31,1.0,4.0,-0.012739737843389144,-0.1721787724422274
2019,240,value,2013-12-31,2018-12-31,8.0,11.0,0.07937290183184036,-0.08006613276699791
2019,240,all_extensions,2013-12-31,2018-12-31,32.0,35.0,0.11917488830779063,-0.04026414629104769
2020,240,intangibles,2014-12-31,2019-12-31,0.0,3.0,1.1102230246251566e-17,-0.15881533709638881
2020,240,investment,2014-12-31,2019-12-31,2.0,5.0,0.05032833965495311,-0.10848699744143567
2020,240,momentum,2014-12-31,2019-12-31,0.0,3.0,1.1102230246251566e-17,-0.15881533709638881
2020,240,new,2014-12-31,2019-12-31,2.0,5.0,0.024687636552746927,-0.1341277005436419
2020,240,profitability,2014-12-31,2019-12-31,0.0,3.0,1.1102230246251566e-17,-0.15881533709638881
2020,240,trading_frictions,2014-12-31,2019-12-31,0.0,3.0,1.1102230246251566e-17,-0.15881533709638881
2020,240,value,2014-12-31,2019-12-31,8.0,11.0,0.032849667934829976,-0.12596566916155882
2020,240,all_extensions,2014-12-31,2019-12-31,32.0,35.0,0.038269107792628015,-0.12054622930376083
2021,240,intangibles,2015-12-31,2020-12-31,16.0,13.78,-0.06256325498471386,-0.3243192396604635
2021,240,investment,2015-12-31,2020-12-31,2.0,5.0,0.07254738257345578,-0.1892086021022938
2021,240,momentum,2015-12-31,2020-12-31,0.0,3.0,1.1102230246251566e-17,-0.2617559846757496
2021,240,new,2015-12-31,2020-12-31,4.0,5.939999999999999,0.0004870629221630026,-0.2612689217535866
2021,240,profitability,2015-12-31,2020-12-31,0.0,3.0,1.1102230246251566e-17,-0.2617559846757496
2021,240,trading_frictions,2015-12-31,2020-12-31,0.0,3.0,1.1102230246251566e-17,-0.2617559846757496
2021,240,value,2015-12-31,2020-12-31,8.0,11.0,-0.02911231561889449,-0.2908683002946441
2021,240,all_extensions,2015-12-31,2020-12-31,32.0,35.0,-0.06336564591611009,-0.3251216305918597
2022,240,intangibles,2016-12-31,2021-12-31,8.0,11.0,-0.017633185769255766,-0.17571566647475606
2022,240,investment,2016-12-31,2021-12-31,4.0,7.0,0.06495908809203807,-0.09312339261346225
2022,240,momentum,2016-12-31,2021-12-31,0.0,3.0,1.850371707708594e-17,-0.1580824807055003
2022,240,new,2016-12-31,2021-12-31,4.0,5.939999999999999,0.021064224414589956,-0.13701825629091036
2022,240,profitability,2016-12-31,2021-12-31,0.0,3.0,1.850371707708594e-17,-0.1580824807055003
2022,240,trading_frictions,2016-12-31,2021-12-31,2.0,5.0,-0.012085337621507116,-0.17016781832700745
2022,240,value,2016-12-31,2021-12-31,8.0,11.0,0.08553976155881429,-0.07254271914668603
2022,240,all_extensions,2016-12-31,2021-12-31,16.0,19.0,0.11675489614552843,-0.04132758455997186
2023,240,intangibles,2017-12-31,2022-12-31,8.0,11.0,-0.02978631128236627,-0.266200122874799
2023,240,investment,2017-12-31,2022-12-31,4.0,7.0,0.07644235620915048,-0.15997145538328225
2023,240,momentum,2017-12-31,2022-12-31,0.0,3.0,3.7007434154171884e-18,-0.23641381159243274
2023,240,new,2017-12-31,2022-12-31,4.0,5.939999999999999,0.007898358803739793,-0.22851545278869295
2023,240,profitability,2017-12-31,2022-12-31,8.0,8.879999999999997,0.0925366326390636,-0.1438771789533691
2023,240,trading_frictions,2017-12-31,2022-12-31,0.0,3.0,3.7007434154171884e-18,-0.23641381159243274
2023,240,value,2017-12-31,2022-12-31,8.0,11.0,0.11138496709758423,-0.12502884449484852
2023,240,all_extensions,2017-12-31,2022-12-31,32.0,35.0,0.05921922683890247,-0.17719458475353028
2024,240,intangibles,2018-12-31,2023-12-31,8.0,11.0,-0.003898454781727813,-0.20675218011042218
2024,240,investment,2018-12-31,2023-12-31,4.0,7.0,0.0726150128722713,-0.13023871245642304
2024,240,momentum,2018-12-31,2023-12-31,0.0,3.0,3.7007434154171884e-18,-0.20285372532869436
2024,240,new,2018-12-31,2023-12-31,4.0,5.939999999999999,-0.025535824850849445,-0.22838955017954382
2024,240,profitability,2018-12-31,2023-12-31,8.0,8.879999999999997,0.09039401394087533,-0.112459711387819
2024,240,trading_frictions,2018-12-31,2023-12-31,0.0,3.0,3.7007434154171884e-18,-0.20285372532869436
2024,240,value,2018-12-31,2023-12-31,8.0,11.0,0.12124493878023675,-0.08160878654845762
2024,240,all_extensions,2018-12-31,2023-12-31,32.0,35.0,0.08950527357028333,-0.11334845175841103
2025,240,intangibles,2019-12-31,2024-12-31,4.0,7.0,-0.0013070187736418475,-0.14497559152959255
2025,240,investment,2019-12-31,2024-12-31,2.0,5.0,0.07331775175554883,-0.07035082100040188
2025,240,momentum,2019-12-31,2024-12-31,0.0,3.0,3.7007434154171884e-18,-0.1436685727559507
2025,240,new,2019-12-31,2024-12-31,4.0,5.939999999999999,-0.029646559760852433,-0.17331513251680314
2025,240,profitability,2019-12-31,2024-12-31,8.0,8.879999999999997,0.061482808208258424,-0.08218576454769226
2025,240,trading_frictions,2019-12-31,2024-12-31,0.0,3.0,3.7007434154171884e-18,-0.1436685727559507
2025,240,value,2019-12-31,2024-12-31,4.0,7.0,0.0862772920555214,-0.05739128070042929
2025,240,all_extensions,2019-12-31,2024-12-31,16.0,19.0,0.138090807384079,-0.005577765371871657
