dataset,location,weighting,T,year,C_old,C_recent,C_all,C_gate2,C_consensus,cons_stack_w_gate,selector_disagreement
world_vwcap,world,vw_cap,60,2005,8.0,8.0,8.0,8.0,8.0,1.0,0.0
world_vwcap,world,vw_cap,60,2006,8.0,16.0,8.0,8.0,8.0,1.0,1.0
world_vwcap,world,vw_cap,60,2007,8.0,16.0,8.0,8.0,8.0,1.0,1.0
world_vwcap,world,vw_cap,60,2008,8.0,16.0,8.0,8.0,8.0,1.0,1.0
world_vwcap,world,vw_cap,60,2009,8.0,16.0,8.0,8.0,8.0,1.0,1.0
world_vwcap,world,vw_cap,60,2010,8.0,16.0,8.0,8.0,8.0,1.0,1.0
world_vwcap,world,vw_cap,60,2011,16.0,16.0,16.0,16.0,16.0,1.0,0.0
world_vwcap,world,vw_cap,60,2012,16.0,16.0,16.0,16.0,16.0,1.0,0.0
world_vwcap,world,vw_cap,60,2013,16.0,16.0,16.0,16.0,16.0,1.0,0.0
world_vwcap,world,vw_cap,60,2014,16.0,16.0,16.0,16.0,16.0,1.0,0.0
world_vwcap,world,vw_cap,60,2015,16.0,16.0,16.0,16.0,16.0,1.0,0.0
world_vwcap,world,vw_cap,60,2016,16.0,16.0,16.0,16.0,16.0,1.0,0.0
world_vwcap,world,vw_cap,60,2017,16.0,16.0,16.0,16.0,16.0,1.0,0.0
world_vwcap,world,vw_cap,60,2018,16.0,16.0,16.0,16.0,16.0,1.0,0.0
world_vwcap,world,vw_cap,60,2019,16.0,16.0,16.0,16.0,16.0,1.0,0.0
world_vwcap,world,vw_cap,60,2020,16.0,16.0,16.0,16.0,16.0,1.0,0.0
world_vwcap,world,vw_cap,60,2021,16.0,16.0,16.0,16.0,16.0,1.0,0.0
world_vwcap,world,vw_cap,60,2022,16.0,16.0,16.0,16.0,16.0,1.0,0.0
world_vwcap,world,vw_cap,60,2023,16.0,16.0,16.0,16.0,16.0,1.0,0.0
world_vwcap,world,vw_cap,60,2024,16.0,16.0,16.0,16.0,16.0,1.0,0.0
world_vwcap,world,vw_cap,60,2025,16.0,8.0,8.0,8.0,8.0,1.0,1.0
world_vwcap,world,vw_cap,120,2005,16.0,16.0,16.0,16.0,16.0,1.0,0.0
world_vwcap,world,vw_cap,120,2006,8.0,32.0,16.0,8.0,16.0,0.2820230820511707,2.0
world_vwcap,world,vw_cap,120,2007,8.0,32.0,16.0,8.0,16.0,0.38493965398133917,2.0
world_vwcap,world,vw_cap,120,2008,8.0,32.0,16.0,8.0,16.0,0.40085450438583514,2.0
world_vwcap,world,vw_cap,120,2009,8.0,32.0,16.0,8.0,16.0,0.41971750730379676,2.0
world_vwcap,world,vw_cap,120,2010,16.0,16.0,16.0,16.0,16.0,1.0,0.0
world_vwcap,world,vw_cap,120,2011,32.0,16.0,16.0,16.0,16.0,1.0,1.0
world_vwcap,world,vw_cap,120,2012,32.0,16.0,32.0,32.0,32.0,1.0,1.0
world_vwcap,world,vw_cap,120,2013,32.0,16.0,16.0,16.0,16.0,1.0,1.0
world_vwcap,world,vw_cap,120,2014,32.0,16.0,16.0,16.0,16.0,1.0,1.0
world_vwcap,world,vw_cap,120,2015,16.0,32.0,16.0,16.0,16.0,1.0,1.0
world_vwcap,world,vw_cap,120,2016,16.0,32.0,16.0,16.0,16.0,1.0,1.0
world_vwcap,world,vw_cap,120,2017,16.0,16.0,16.0,16.0,16.0,1.0,0.0
world_vwcap,world,vw_cap,120,2018,16.0,16.0,16.0,16.0,16.0,1.0,0.0
world_vwcap,world,vw_cap,120,2019,16.0,16.0,16.0,16.0,16.0,1.0,0.0
world_vwcap,world,vw_cap,120,2020,32.0,32.0,32.0,32.0,32.0,1.0,0.0
world_vwcap,world,vw_cap,120,2021,32.0,16.0,16.0,16.0,16.0,1.0,1.0
world_vwcap,world,vw_cap,120,2022,16.0,16.0,16.0,16.0,16.0,1.0,0.0
world_vwcap,world,vw_cap,120,2023,16.0,16.0,16.0,16.0,16.0,1.0,0.0
world_vwcap,world,vw_cap,120,2024,16.0,16.0,16.0,16.0,16.0,1.0,0.0
world_vwcap,world,vw_cap,120,2025,32.0,8.0,16.0,16.0,16.0,1.0,2.0
world_vwcap,world,vw_cap,240,2005,16.0,8.0,16.0,16.0,16.0,1.0,1.0
world_vwcap,world,vw_cap,240,2006,8.0,16.0,16.0,8.0,16.0,0.2583742435577903,1.0
world_vwcap,world,vw_cap,240,2007,16.0,8.0,16.0,16.0,16.0,1.0,1.0
world_vwcap,world,vw_cap,240,2008,16.0,8.0,16.0,16.0,16.0,1.0,1.0
world_vwcap,world,vw_cap,240,2009,16.0,4.0,8.0,8.0,8.0,1.0,2.0
world_vwcap,world,vw_cap,240,2010,8.0,16.0,16.0,8.0,16.0,0.41175740574170683,1.0
world_vwcap,world,vw_cap,240,2011,16.0,32.0,16.0,16.0,16.0,1.0,1.0
world_vwcap,world,vw_cap,240,2012,8.0,32.0,32.0,8.0,32.0,0.3015113247281957,2.0
world_vwcap,world,vw_cap,240,2013,8.0,32.0,32.0,8.0,32.0,0.15915103272078657,2.0
world_vwcap,world,vw_cap,240,2014,4.0,32.0,32.0,4.0,32.0,0.14396195308891394,3.0
world_vwcap,world,vw_cap,240,2015,16.0,32.0,32.0,16.0,32.0,0.29133925219261514,1.0
world_vwcap,world,vw_cap,240,2016,32.0,32.0,32.0,32.0,32.0,1.0,0.0
world_vwcap,world,vw_cap,240,2017,32.0,16.0,32.0,32.0,32.0,1.0,1.0
world_vwcap,world,vw_cap,240,2018,32.0,16.0,32.0,32.0,32.0,1.0,1.0
world_vwcap,world,vw_cap,240,2019,32.0,32.0,32.0,32.0,32.0,1.0,0.0
world_vwcap,world,vw_cap,240,2020,32.0,32.0,32.0,32.0,32.0,1.0,0.0
world_vwcap,world,vw_cap,240,2021,32.0,32.0,32.0,32.0,32.0,1.0,0.0
world_vwcap,world,vw_cap,240,2022,16.0,32.0,32.0,16.0,32.0,0.30515216939548057,1.0
world_vwcap,world,vw_cap,240,2023,16.0,32.0,32.0,16.0,32.0,0.23888861840466954,1.0
world_vwcap,world,vw_cap,240,2024,32.0,32.0,32.0,32.0,32.0,1.0,0.0
world_vwcap,world,vw_cap,240,2025,32.0,8.0,16.0,16.0,16.0,1.0,2.0
world_ex_us_vwcap,world_ex_us,vw_cap,60,2007,16.0,16.0,16.0,16.0,16.0,1.0,0.0
world_ex_us_vwcap,world_ex_us,vw_cap,60,2008,16.0,16.0,16.0,16.0,16.0,1.0,0.0
world_ex_us_vwcap,world_ex_us,vw_cap,60,2009,16.0,16.0,16.0,16.0,16.0,1.0,0.0
world_ex_us_vwcap,world_ex_us,vw_cap,60,2010,16.0,16.0,16.0,16.0,16.0,1.0,0.0
world_ex_us_vwcap,world_ex_us,vw_cap,60,2011,16.0,16.0,16.0,16.0,16.0,1.0,0.0
world_ex_us_vwcap,world_ex_us,vw_cap,60,2012,16.0,16.0,16.0,16.0,16.0,1.0,0.0
world_ex_us_vwcap,world_ex_us,vw_cap,60,2013,16.0,16.0,16.0,16.0,16.0,1.0,0.0
world_ex_us_vwcap,world_ex_us,vw_cap,60,2014,16.0,16.0,16.0,16.0,16.0,1.0,0.0
world_ex_us_vwcap,world_ex_us,vw_cap,60,2015,16.0,16.0,16.0,16.0,16.0,1.0,0.0
world_ex_us_vwcap,world_ex_us,vw_cap,60,2016,16.0,16.0,16.0,16.0,16.0,1.0,0.0
world_ex_us_vwcap,world_ex_us,vw_cap,60,2017,16.0,16.0,16.0,16.0,16.0,1.0,0.0
world_ex_us_vwcap,world_ex_us,vw_cap,60,2018,16.0,16.0,16.0,16.0,16.0,1.0,0.0
world_ex_us_vwcap,world_ex_us,vw_cap,60,2019,16.0,16.0,16.0,16.0,16.0,1.0,0.0
world_ex_us_vwcap,world_ex_us,vw_cap,60,2020,16.0,16.0,16.0,16.0,16.0,1.0,0.0
world_ex_us_vwcap,world_ex_us,vw_cap,60,2021,16.0,8.0,16.0,16.0,16.0,1.0,1.0
world_ex_us_vwcap,world_ex_us,vw_cap,60,2022,16.0,8.0,8.0,8.0,8.0,1.0,1.0
world_ex_us_vwcap,world_ex_us,vw_cap,60,2023,16.0,8.0,8.0,8.0,8.0,1.0,1.0
world_ex_us_vwcap,world_ex_us,vw_cap,60,2024,16.0,4.0,8.0,8.0,8.0,1.0,2.0
world_ex_us_vwcap,world_ex_us,vw_cap,60,2025,16.0,4.0,8.0,8.0,8.0,1.0,2.0
world_ex_us_vwcap,world_ex_us,vw_cap,120,2012,8.0,16.0,16.0,8.0,16.0,0.3943363929585982,1.0
world_ex_us_vwcap,world_ex_us,vw_cap,120,2013,8.0,16.0,16.0,8.0,16.0,0.058195120059273193,1.0
world_ex_us_vwcap,world_ex_us,vw_cap,120,2014,4.0,16.0,16.0,4.0,16.0,0.0,2.0
world_ex_us_vwcap,world_ex_us,vw_cap,120,2015,8.0,32.0,16.0,8.0,16.0,0.0,2.0
world_ex_us_vwcap,world_ex_us,vw_cap,120,2016,16.0,32.0,16.0,16.0,16.0,1.0,1.0
world_ex_us_vwcap,world_ex_us,vw_cap,120,2017,16.0,32.0,16.0,16.0,16.0,1.0,1.0
world_ex_us_vwcap,world_ex_us,vw_cap,120,2018,16.0,32.0,16.0,16.0,16.0,1.0,1.0
world_ex_us_vwcap,world_ex_us,vw_cap,120,2019,16.0,32.0,16.0,16.0,16.0,1.0,1.0
world_ex_us_vwcap,world_ex_us,vw_cap,120,2020,32.0,32.0,32.0,32.0,32.0,1.0,0.0
world_ex_us_vwcap,world_ex_us,vw_cap,120,2021,32.0,32.0,32.0,32.0,32.0,1.0,0.0
world_ex_us_vwcap,world_ex_us,vw_cap,120,2022,32.0,8.0,32.0,32.0,32.0,1.0,2.0
world_ex_us_vwcap,world_ex_us,vw_cap,120,2023,32.0,4.0,16.0,16.0,16.0,1.0,3.0
world_ex_us_vwcap,world_ex_us,vw_cap,120,2024,32.0,4.0,16.0,16.0,16.0,1.0,3.0
world_ex_us_vwcap,world_ex_us,vw_cap,120,2025,32.0,4.0,16.0,16.0,16.0,1.0,3.0
world_ex_us_vwcap,world_ex_us,vw_cap,240,2022,32.0,32.0,32.0,32.0,32.0,1.0,0.0
world_ex_us_vwcap,world_ex_us,vw_cap,240,2023,32.0,32.0,32.0,32.0,32.0,1.0,0.0
world_ex_us_vwcap,world_ex_us,vw_cap,240,2024,32.0,8.0,32.0,32.0,32.0,1.0,2.0
world_ex_us_vwcap,world_ex_us,vw_cap,240,2025,32.0,4.0,32.0,32.0,32.0,1.0,3.0
developed_vwcap,developed,vw_cap,60,2007,16.0,16.0,16.0,16.0,16.0,1.0,0.0
developed_vwcap,developed,vw_cap,60,2008,16.0,16.0,16.0,16.0,16.0,1.0,0.0
developed_vwcap,developed,vw_cap,60,2009,16.0,8.0,16.0,16.0,16.0,1.0,1.0
developed_vwcap,developed,vw_cap,60,2010,16.0,16.0,16.0,16.0,16.0,1.0,0.0
developed_vwcap,developed,vw_cap,60,2011,16.0,8.0,16.0,16.0,16.0,1.0,1.0
developed_vwcap,developed,vw_cap,60,2012,16.0,16.0,16.0,16.0,16.0,1.0,0.0
developed_vwcap,developed,vw_cap,60,2013,16.0,8.0,8.0,8.0,8.0,1.0,1.0
developed_vwcap,developed,vw_cap,60,2014,8.0,8.0,8.0,8.0,8.0,1.0,0.0
developed_vwcap,developed,vw_cap,60,2015,16.0,8.0,16.0,16.0,16.0,1.0,1.0
developed_vwcap,developed,vw_cap,60,2016,8.0,16.0,16.0,8.0,16.0,0.4661694659797053,1.0
developed_vwcap,developed,vw_cap,60,2017,16.0,8.0,8.0,8.0,8.0,1.0,1.0
developed_vwcap,developed,vw_cap,60,2018,8.0,16.0,8.0,8.0,8.0,1.0,1.0
developed_vwcap,developed,vw_cap,60,2019,8.0,16.0,16.0,8.0,16.0,0.4036085355967369,1.0
developed_vwcap,developed,vw_cap,60,2020,8.0,16.0,16.0,8.0,16.0,0.43607144422922617,1.0
developed_vwcap,developed,vw_cap,60,2021,16.0,8.0,8.0,8.0,8.0,1.0,1.0
developed_vwcap,developed,vw_cap,60,2022,8.0,8.0,8.0,8.0,8.0,1.0,0.0
developed_vwcap,developed,vw_cap,60,2023,16.0,8.0,8.0,8.0,8.0,1.0,1.0
developed_vwcap,developed,vw_cap,60,2024,16.0,8.0,8.0,8.0,8.0,1.0,1.0
developed_vwcap,developed,vw_cap,60,2025,16.0,4.0,8.0,8.0,8.0,1.0,2.0
developed_vwcap,developed,vw_cap,120,2012,8.0,16.0,16.0,8.0,16.0,0.3798585992043288,1.0
developed_vwcap,developed,vw_cap,120,2013,16.0,16.0,16.0,16.0,16.0,1.0,0.0
developed_vwcap,developed,vw_cap,120,2014,4.0,16.0,16.0,4.0,16.0,0.12942427472369034,2.0
developed_vwcap,developed,vw_cap,120,2015,8.0,32.0,16.0,8.0,16.0,0.15198238298673264,2.0
developed_vwcap,developed,vw_cap,120,2016,8.0,32.0,16.0,8.0,16.0,0.043111660798295745,2.0
developed_vwcap,developed,vw_cap,120,2017,16.0,16.0,16.0,16.0,16.0,1.0,0.0
developed_vwcap,developed,vw_cap,120,2018,16.0,16.0,16.0,16.0,16.0,1.0,0.0
developed_vwcap,developed,vw_cap,120,2019,16.0,16.0,16.0,16.0,16.0,1.0,0.0
developed_vwcap,developed,vw_cap,120,2020,32.0,16.0,16.0,16.0,16.0,1.0,1.0
developed_vwcap,developed,vw_cap,120,2021,32.0,8.0,16.0,16.0,16.0,1.0,2.0
developed_vwcap,developed,vw_cap,120,2022,16.0,8.0,16.0,16.0,16.0,1.0,1.0
developed_vwcap,developed,vw_cap,120,2023,16.0,8.0,16.0,16.0,16.0,1.0,1.0
developed_vwcap,developed,vw_cap,120,2024,16.0,8.0,16.0,16.0,16.0,1.0,1.0
developed_vwcap,developed,vw_cap,120,2025,16.0,8.0,8.0,8.0,8.0,1.0,1.0
developed_vwcap,developed,vw_cap,240,2022,16.0,32.0,32.0,16.0,32.0,0.31257575844821284,1.0
developed_vwcap,developed,vw_cap,240,2023,32.0,32.0,32.0,32.0,32.0,1.0,0.0
developed_vwcap,developed,vw_cap,240,2024,32.0,8.0,16.0,16.0,16.0,1.0,2.0
developed_vwcap,developed,vw_cap,240,2025,32.0,8.0,16.0,16.0,16.0,1.0,2.0
emerging_vwcap,emerging,vw_cap,60,2018,8.0,8.0,8.0,8.0,8.0,1.0,0.0
emerging_vwcap,emerging,vw_cap,60,2019,8.0,8.0,8.0,8.0,8.0,1.0,0.0
emerging_vwcap,emerging,vw_cap,60,2020,16.0,8.0,16.0,16.0,16.0,1.0,1.0
emerging_vwcap,emerging,vw_cap,60,2021,8.0,16.0,16.0,8.0,16.0,0.38493695615678275,1.0
emerging_vwcap,emerging,vw_cap,60,2022,8.0,8.0,8.0,8.0,8.0,1.0,0.0
emerging_vwcap,emerging,vw_cap,60,2023,8.0,4.0,8.0,8.0,8.0,1.0,1.0
emerging_vwcap,emerging,vw_cap,60,2024,8.0,4.0,8.0,8.0,8.0,1.0,1.0
emerging_vwcap,emerging,vw_cap,60,2025,8.0,2.0,8.0,8.0,8.0,1.0,2.0
emerging_vwcap,emerging,vw_cap,120,2023,16.0,4.0,16.0,16.0,16.0,1.0,2.0
emerging_vwcap,emerging,vw_cap,120,2024,16.0,2.0,16.0,16.0,16.0,1.0,3.0
emerging_vwcap,emerging,vw_cap,120,2025,32.0,2.0,16.0,16.0,16.0,1.0,4.0
usa_vwcap,usa,vw_cap,60,2005,4.0,8.0,8.0,4.0,8.0,0.3927280923399262,1.0
usa_vwcap,usa,vw_cap,60,2006,4.0,16.0,8.0,4.0,8.0,0.31898665914432917,2.0
usa_vwcap,usa,vw_cap,60,2007,8.0,16.0,8.0,8.0,8.0,1.0,1.0
usa_vwcap,usa,vw_cap,60,2008,8.0,16.0,8.0,8.0,8.0,1.0,1.0
usa_vwcap,usa,vw_cap,60,2009,8.0,4.0,4.0,4.0,4.0,1.0,1.0
usa_vwcap,usa,vw_cap,60,2010,8.0,4.0,8.0,8.0,8.0,1.0,1.0
usa_vwcap,usa,vw_cap,60,2011,16.0,4.0,8.0,8.0,8.0,1.0,2.0
usa_vwcap,usa,vw_cap,60,2012,16.0,4.0,4.0,4.0,4.0,1.0,2.0
usa_vwcap,usa,vw_cap,60,2013,16.0,4.0,4.0,4.0,4.0,1.0,2.0
usa_vwcap,usa,vw_cap,60,2014,4.0,8.0,4.0,4.0,4.0,1.0,1.0
usa_vwcap,usa,vw_cap,60,2015,4.0,8.0,8.0,4.0,8.0,0.4730972199907036,1.0
usa_vwcap,usa,vw_cap,60,2016,4.0,8.0,4.0,4.0,4.0,1.0,1.0
usa_vwcap,usa,vw_cap,60,2017,4.0,4.0,4.0,4.0,4.0,1.0,0.0
usa_vwcap,usa,vw_cap,60,2018,4.0,4.0,4.0,4.0,4.0,1.0,0.0
usa_vwcap,usa,vw_cap,60,2019,8.0,4.0,4.0,4.0,4.0,1.0,1.0
usa_vwcap,usa,vw_cap,60,2020,8.0,4.0,4.0,4.0,4.0,1.0,1.0
usa_vwcap,usa,vw_cap,60,2021,8.0,2.0,4.0,4.0,4.0,1.0,2.0
usa_vwcap,usa,vw_cap,60,2022,4.0,4.0,4.0,4.0,4.0,1.0,0.0
usa_vwcap,usa,vw_cap,60,2023,4.0,2.0,4.0,4.0,4.0,1.0,1.0
usa_vwcap,usa,vw_cap,60,2024,4.0,2.0,4.0,4.0,4.0,1.0,1.0
usa_vwcap,usa,vw_cap,60,2025,4.0,1.0,2.0,2.0,2.0,1.0,2.0
usa_vwcap,usa,vw_cap,120,2005,8.0,16.0,8.0,8.0,8.0,1.0,1.0
usa_vwcap,usa,vw_cap,120,2006,8.0,16.0,8.0,8.0,8.0,1.0,1.0
usa_vwcap,usa,vw_cap,120,2007,8.0,32.0,8.0,8.0,8.0,1.0,2.0
usa_vwcap,usa,vw_cap,120,2008,8.0,16.0,8.0,8.0,8.0,1.0,1.0
usa_vwcap,usa,vw_cap,120,2009,8.0,8.0,8.0,8.0,8.0,1.0,0.0
usa_vwcap,usa,vw_cap,120,2010,16.0,8.0,8.0,8.0,8.0,1.0,1.0
usa_vwcap,usa,vw_cap,120,2011,16.0,8.0,16.0,16.0,16.0,1.0,1.0
usa_vwcap,usa,vw_cap,120,2012,32.0,8.0,16.0,16.0,16.0,1.0,2.0
usa_vwcap,usa,vw_cap,120,2013,16.0,8.0,16.0,16.0,16.0,1.0,1.0
usa_vwcap,usa,vw_cap,120,2014,8.0,16.0,16.0,8.0,16.0,0.2567690766509401,1.0
usa_vwcap,usa,vw_cap,120,2015,8.0,16.0,16.0,8.0,16.0,0.0,1.0
usa_vwcap,usa,vw_cap,120,2016,8.0,32.0,16.0,8.0,16.0,0.45196250945292343,2.0
usa_vwcap,usa,vw_cap,120,2017,8.0,8.0,8.0,8.0,8.0,1.0,0.0
usa_vwcap,usa,vw_cap,120,2018,8.0,16.0,16.0,8.0,16.0,0.42687694738531495,1.0
usa_vwcap,usa,vw_cap,120,2019,16.0,16.0,16.0,16.0,16.0,1.0,0.0
usa_vwcap,usa,vw_cap,120,2020,16.0,8.0,16.0,16.0,16.0,1.0,1.0
usa_vwcap,usa,vw_cap,120,2021,32.0,8.0,8.0,8.0,8.0,1.0,2.0
usa_vwcap,usa,vw_cap,120,2022,8.0,16.0,16.0,8.0,16.0,0.35842780412714303,1.0
usa_vwcap,usa,vw_cap,120,2023,16.0,16.0,16.0,16.0,16.0,1.0,0.0
usa_vwcap,usa,vw_cap,120,2024,16.0,16.0,16.0,16.0,16.0,1.0,0.0
usa_vwcap,usa,vw_cap,120,2025,8.0,8.0,8.0,8.0,8.0,1.0,0.0
usa_vwcap,usa,vw_cap,240,2005,16.0,8.0,8.0,8.0,8.0,1.0,1.0
usa_vwcap,usa,vw_cap,240,2006,8.0,16.0,8.0,8.0,8.0,1.0,1.0
usa_vwcap,usa,vw_cap,240,2007,8.0,8.0,8.0,8.0,8.0,1.0,0.0
usa_vwcap,usa,vw_cap,240,2008,8.0,32.0,8.0,8.0,8.0,1.0,2.0
usa_vwcap,usa,vw_cap,240,2009,8.0,16.0,8.0,8.0,8.0,1.0,1.0
usa_vwcap,usa,vw_cap,240,2010,8.0,16.0,8.0,8.0,8.0,1.0,1.0
usa_vwcap,usa,vw_cap,240,2011,16.0,16.0,16.0,16.0,16.0,1.0,0.0
usa_vwcap,usa,vw_cap,240,2012,8.0,16.0,8.0,8.0,8.0,1.0,1.0
usa_vwcap,usa,vw_cap,240,2013,32.0,16.0,16.0,16.0,16.0,1.0,1.0
usa_vwcap,usa,vw_cap,240,2014,16.0,32.0,16.0,16.0,16.0,1.0,1.0
usa_vwcap,usa,vw_cap,240,2015,16.0,32.0,16.0,16.0,16.0,1.0,1.0
usa_vwcap,usa,vw_cap,240,2016,16.0,32.0,16.0,16.0,16.0,1.0,1.0
usa_vwcap,usa,vw_cap,240,2017,16.0,16.0,16.0,16.0,16.0,1.0,0.0
usa_vwcap,usa,vw_cap,240,2018,16.0,16.0,16.0,16.0,16.0,1.0,0.0
usa_vwcap,usa,vw_cap,240,2019,32.0,16.0,16.0,16.0,16.0,1.0,1.0
usa_vwcap,usa,vw_cap,240,2020,32.0,16.0,16.0,16.0,16.0,1.0,1.0
usa_vwcap,usa,vw_cap,240,2021,32.0,8.0,16.0,16.0,16.0,1.0,2.0
usa_vwcap,usa,vw_cap,240,2022,16.0,16.0,16.0,16.0,16.0,1.0,0.0
usa_vwcap,usa,vw_cap,240,2023,16.0,16.0,16.0,16.0,16.0,1.0,0.0
usa_vwcap,usa,vw_cap,240,2024,16.0,16.0,16.0,16.0,16.0,1.0,0.0
usa_vwcap,usa,vw_cap,240,2025,16.0,16.0,16.0,16.0,16.0,1.0,0.0
gbr_vwcap,gbr,vw_cap,60,2005,4.0,8.0,8.0,4.0,8.0,0.49459751657909046,1.0
gbr_vwcap,gbr,vw_cap,60,2006,4.0,16.0,8.0,4.0,8.0,0.46826864762856385,2.0
gbr_vwcap,gbr,vw_cap,60,2007,4.0,16.0,4.0,4.0,4.0,1.0,2.0
gbr_vwcap,gbr,vw_cap,60,2008,4.0,8.0,4.0,4.0,4.0,1.0,1.0
gbr_vwcap,gbr,vw_cap,60,2009,4.0,8.0,4.0,4.0,4.0,1.0,1.0
gbr_vwcap,gbr,vw_cap,60,2010,8.0,8.0,8.0,8.0,8.0,1.0,0.0
gbr_vwcap,gbr,vw_cap,60,2011,16.0,8.0,8.0,8.0,8.0,1.0,1.0
gbr_vwcap,gbr,vw_cap,60,2012,16.0,8.0,8.0,8.0,8.0,1.0,1.0
gbr_vwcap,gbr,vw_cap,60,2013,8.0,8.0,8.0,8.0,8.0,1.0,0.0
gbr_vwcap,gbr,vw_cap,60,2014,8.0,8.0,8.0,8.0,8.0,1.0,0.0
gbr_vwcap,gbr,vw_cap,60,2015,8.0,8.0,8.0,8.0,8.0,1.0,0.0
gbr_vwcap,gbr,vw_cap,60,2016,8.0,16.0,8.0,8.0,8.0,1.0,1.0
gbr_vwcap,gbr,vw_cap,60,2017,8.0,8.0,8.0,8.0,8.0,1.0,0.0
gbr_vwcap,gbr,vw_cap,60,2018,8.0,8.0,8.0,8.0,8.0,1.0,0.0
gbr_vwcap,gbr,vw_cap,60,2019,8.0,8.0,8.0,8.0,8.0,1.0,0.0
gbr_vwcap,gbr,vw_cap,60,2020,8.0,8.0,8.0,8.0,8.0,1.0,0.0
gbr_vwcap,gbr,vw_cap,60,2021,16.0,2.0,8.0,8.0,8.0,1.0,3.0
gbr_vwcap,gbr,vw_cap,60,2022,8.0,4.0,8.0,8.0,8.0,1.0,1.0
gbr_vwcap,gbr,vw_cap,60,2023,8.0,2.0,4.0,4.0,4.0,1.0,2.0
gbr_vwcap,gbr,vw_cap,60,2024,8.0,0.0,4.0,4.0,4.0,1.0,5.0
gbr_vwcap,gbr,vw_cap,60,2025,8.0,0.0,4.0,4.0,4.0,1.0,5.0
gbr_vwcap,gbr,vw_cap,120,2007,4.0,8.0,8.0,4.0,8.0,0.4875344568502212,1.0
gbr_vwcap,gbr,vw_cap,120,2008,4.0,8.0,4.0,4.0,4.0,1.0,1.0
gbr_vwcap,gbr,vw_cap,120,2009,4.0,2.0,4.0,4.0,4.0,1.0,1.0
gbr_vwcap,gbr,vw_cap,120,2010,4.0,4.0,4.0,4.0,4.0,1.0,0.0
gbr_vwcap,gbr,vw_cap,120,2011,4.0,8.0,8.0,4.0,8.0,0.4979909429958223,1.0
gbr_vwcap,gbr,vw_cap,120,2012,8.0,4.0,8.0,8.0,8.0,1.0,1.0
gbr_vwcap,gbr,vw_cap,120,2013,8.0,8.0,8.0,8.0,8.0,1.0,0.0
gbr_vwcap,gbr,vw_cap,120,2014,2.0,8.0,8.0,2.0,8.0,0.0,2.0
gbr_vwcap,gbr,vw_cap,120,2015,4.0,8.0,8.0,4.0,8.0,0.0,1.0
gbr_vwcap,gbr,vw_cap,120,2016,8.0,8.0,8.0,8.0,8.0,1.0,0.0
gbr_vwcap,gbr,vw_cap,120,2017,4.0,8.0,8.0,4.0,8.0,0.0,1.0
gbr_vwcap,gbr,vw_cap,120,2018,8.0,8.0,8.0,8.0,8.0,1.0,0.0
gbr_vwcap,gbr,vw_cap,120,2019,8.0,8.0,8.0,8.0,8.0,1.0,0.0
gbr_vwcap,gbr,vw_cap,120,2020,8.0,8.0,8.0,8.0,8.0,1.0,0.0
gbr_vwcap,gbr,vw_cap,120,2021,8.0,4.0,8.0,8.0,8.0,1.0,1.0
gbr_vwcap,gbr,vw_cap,120,2022,8.0,4.0,8.0,8.0,8.0,1.0,1.0
gbr_vwcap,gbr,vw_cap,120,2023,8.0,8.0,8.0,8.0,8.0,1.0,0.0
gbr_vwcap,gbr,vw_cap,120,2024,8.0,4.0,8.0,8.0,8.0,1.0,1.0
gbr_vwcap,gbr,vw_cap,120,2025,8.0,4.0,8.0,8.0,8.0,1.0,1.0
gbr_vwcap,gbr,vw_cap,240,2017,8.0,16.0,8.0,8.0,8.0,1.0,1.0
gbr_vwcap,gbr,vw_cap,240,2018,16.0,16.0,16.0,16.0,16.0,1.0,0.0
gbr_vwcap,gbr,vw_cap,240,2019,16.0,16.0,16.0,16.0,16.0,1.0,0.0
gbr_vwcap,gbr,vw_cap,240,2020,16.0,16.0,16.0,16.0,16.0,1.0,0.0
gbr_vwcap,gbr,vw_cap,240,2021,16.0,2.0,16.0,16.0,16.0,1.0,3.0
gbr_vwcap,gbr,vw_cap,240,2022,16.0,32.0,32.0,16.0,32.0,0.4295235017120902,1.0
gbr_vwcap,gbr,vw_cap,240,2023,16.0,32.0,32.0,16.0,32.0,0.2590076548538631,1.0
gbr_vwcap,gbr,vw_cap,240,2024,16.0,2.0,16.0,16.0,16.0,1.0,3.0
gbr_vwcap,gbr,vw_cap,240,2025,16.0,4.0,8.0,8.0,8.0,1.0,2.0
jpn_vwcap,jpn,vw_cap,60,2005,8.0,16.0,8.0,8.0,8.0,1.0,1.0
jpn_vwcap,jpn,vw_cap,60,2006,8.0,8.0,8.0,8.0,8.0,1.0,0.0
jpn_vwcap,jpn,vw_cap,60,2007,8.0,4.0,8.0,8.0,8.0,1.0,1.0
jpn_vwcap,jpn,vw_cap,60,2008,8.0,4.0,4.0,4.0,4.0,1.0,1.0
jpn_vwcap,jpn,vw_cap,60,2009,8.0,2.0,4.0,4.0,4.0,1.0,2.0
jpn_vwcap,jpn,vw_cap,60,2010,16.0,0.0,4.0,4.0,4.0,1.0,6.0
jpn_vwcap,jpn,vw_cap,60,2011,8.0,2.0,8.0,8.0,8.0,1.0,2.0
jpn_vwcap,jpn,vw_cap,60,2012,4.0,4.0,4.0,4.0,4.0,1.0,0.0
jpn_vwcap,jpn,vw_cap,60,2013,4.0,2.0,4.0,4.0,4.0,1.0,1.0
jpn_vwcap,jpn,vw_cap,60,2014,2.0,4.0,4.0,2.0,4.0,0.38941868299969,1.0
jpn_vwcap,jpn,vw_cap,60,2015,0.0,4.0,2.0,0.0,2.0,0.28145545425406876,4.0
jpn_vwcap,jpn,vw_cap,60,2016,2.0,4.0,4.0,2.0,4.0,0.0,1.0
jpn_vwcap,jpn,vw_cap,60,2017,4.0,4.0,4.0,4.0,4.0,1.0,0.0
jpn_vwcap,jpn,vw_cap,60,2018,2.0,4.0,4.0,2.0,4.0,0.1709739896580905,1.0
jpn_vwcap,jpn,vw_cap,60,2019,4.0,4.0,4.0,4.0,4.0,1.0,0.0
jpn_vwcap,jpn,vw_cap,60,2020,4.0,4.0,4.0,4.0,4.0,1.0,0.0
jpn_vwcap,jpn,vw_cap,60,2021,4.0,8.0,8.0,4.0,8.0,0.3927848869714195,1.0
jpn_vwcap,jpn,vw_cap,60,2022,4.0,8.0,4.0,4.0,4.0,1.0,1.0
jpn_vwcap,jpn,vw_cap,60,2023,4.0,8.0,4.0,4.0,4.0,1.0,1.0
jpn_vwcap,jpn,vw_cap,60,2024,4.0,8.0,8.0,4.0,8.0,0.4696682592353087,1.0
jpn_vwcap,jpn,vw_cap,60,2025,4.0,8.0,8.0,4.0,8.0,0.46324299008741776,1.0
jpn_vwcap,jpn,vw_cap,120,2007,4.0,8.0,4.0,4.0,4.0,1.0,1.0
jpn_vwcap,jpn,vw_cap,120,2008,4.0,4.0,4.0,4.0,4.0,1.0,0.0
jpn_vwcap,jpn,vw_cap,120,2009,4.0,1.0,2.0,2.0,2.0,1.0,2.0
jpn_vwcap,jpn,vw_cap,120,2010,8.0,1.0,4.0,4.0,4.0,1.0,3.0
jpn_vwcap,jpn,vw_cap,120,2011,8.0,4.0,4.0,4.0,4.0,1.0,1.0
jpn_vwcap,jpn,vw_cap,120,2012,8.0,2.0,4.0,4.0,4.0,1.0,2.0
jpn_vwcap,jpn,vw_cap,120,2013,4.0,4.0,4.0,4.0,4.0,1.0,0.0
jpn_vwcap,jpn,vw_cap,120,2014,1.0,8.0,4.0,1.0,4.0,0.3102686599476007,3.0
jpn_vwcap,jpn,vw_cap,120,2015,1.0,8.0,2.0,1.0,2.0,0.0,3.0
jpn_vwcap,jpn,vw_cap,120,2016,4.0,8.0,4.0,4.0,4.0,1.0,1.0
jpn_vwcap,jpn,vw_cap,120,2017,2.0,16.0,4.0,2.0,4.0,0.0,3.0
jpn_vwcap,jpn,vw_cap,120,2018,4.0,16.0,4.0,4.0,4.0,1.0,2.0
jpn_vwcap,jpn,vw_cap,120,2019,8.0,16.0,8.0,8.0,8.0,1.0,1.0
jpn_vwcap,jpn,vw_cap,120,2020,8.0,32.0,8.0,8.0,8.0,1.0,2.0
jpn_vwcap,jpn,vw_cap,120,2021,8.0,16.0,8.0,8.0,8.0,1.0,1.0
jpn_vwcap,jpn,vw_cap,120,2022,16.0,8.0,8.0,8.0,8.0,1.0,1.0
jpn_vwcap,jpn,vw_cap,120,2023,16.0,8.0,8.0,8.0,8.0,1.0,1.0
jpn_vwcap,jpn,vw_cap,120,2024,16.0,8.0,8.0,8.0,8.0,1.0,1.0
jpn_vwcap,jpn,vw_cap,120,2025,32.0,8.0,8.0,8.0,8.0,1.0,2.0
jpn_vwcap,jpn,vw_cap,240,2017,4.0,32.0,8.0,4.0,8.0,0.33582686961912744,3.0
jpn_vwcap,jpn,vw_cap,240,2018,2.0,32.0,16.0,2.0,16.0,0.44589117006105405,4.0
jpn_vwcap,jpn,vw_cap,240,2019,16.0,32.0,16.0,16.0,16.0,1.0,1.0
jpn_vwcap,jpn,vw_cap,240,2020,16.0,32.0,32.0,16.0,32.0,0.45095226111930387,1.0
jpn_vwcap,jpn,vw_cap,240,2021,16.0,32.0,16.0,16.0,16.0,1.0,1.0
jpn_vwcap,jpn,vw_cap,240,2022,32.0,16.0,32.0,32.0,32.0,1.0,1.0
jpn_vwcap,jpn,vw_cap,240,2023,32.0,16.0,16.0,16.0,16.0,1.0,1.0
jpn_vwcap,jpn,vw_cap,240,2024,32.0,16.0,16.0,16.0,16.0,1.0,1.0
jpn_vwcap,jpn,vw_cap,240,2025,32.0,16.0,16.0,16.0,16.0,1.0,1.0
can_vwcap,can,vw_cap,60,2005,4.0,0.0,4.0,4.0,4.0,1.0,4.0
can_vwcap,can,vw_cap,60,2006,2.0,8.0,2.0,2.0,2.0,1.0,2.0
can_vwcap,can,vw_cap,60,2007,4.0,0.0,2.0,2.0,2.0,1.0,4.0
can_vwcap,can,vw_cap,60,2008,4.0,0.0,2.0,2.0,2.0,1.0,4.0
can_vwcap,can,vw_cap,60,2009,1.0,0.0,0.0,0.0,0.0,1.0,2.0
can_vwcap,can,vw_cap,60,2010,0.0,0.0,0.0,0.0,0.0,1.0,0.0
can_vwcap,can,vw_cap,60,2011,8.0,0.0,0.0,0.0,0.0,1.0,5.0
can_vwcap,can,vw_cap,60,2012,0.0,0.5,0.0,0.0,0.0,1.0,1.0
can_vwcap,can,vw_cap,60,2013,0.0,0.0,0.0,0.0,0.0,1.0,0.0
can_vwcap,can,vw_cap,60,2014,0.0,0.0,0.0,0.0,0.0,1.0,0.0
can_vwcap,can,vw_cap,60,2015,0.0,0.0,0.0,0.0,0.0,1.0,0.0
can_vwcap,can,vw_cap,60,2016,0.0,0.0,0.0,0.0,0.0,1.0,0.0
can_vwcap,can,vw_cap,60,2017,0.5,1.0,1.0,0.5,1.0,0.150299579694246,1.0
can_vwcap,can,vw_cap,60,2018,0.0,2.0,1.0,0.0,1.0,0.0,3.0
can_vwcap,can,vw_cap,60,2019,0.0,1.0,1.0,0.0,1.0,0.08876031699404911,2.0
can_vwcap,can,vw_cap,60,2020,0.0,0.5,0.0,0.0,0.0,1.0,1.0
can_vwcap,can,vw_cap,60,2021,0.0,0.0,0.0,0.0,0.0,1.0,0.0
can_vwcap,can,vw_cap,60,2022,1.0,0.0,0.5,0.5,0.5,1.0,2.0
can_vwcap,can,vw_cap,60,2023,2.0,0.0,0.0,0.0,0.0,1.0,3.0
can_vwcap,can,vw_cap,60,2024,1.0,0.0,0.0,0.0,0.0,1.0,2.0
can_vwcap,can,vw_cap,60,2025,0.5,0.0,0.0,0.0,0.0,1.0,1.0
can_vwcap,can,vw_cap,120,2005,8.0,4.0,8.0,8.0,8.0,1.0,1.0
can_vwcap,can,vw_cap,120,2006,4.0,0.0,4.0,4.0,4.0,1.0,4.0
can_vwcap,can,vw_cap,120,2007,4.0,0.0,4.0,4.0,4.0,1.0,4.0
can_vwcap,can,vw_cap,120,2008,4.0,0.0,4.0,4.0,4.0,1.0,4.0
can_vwcap,can,vw_cap,120,2009,4.0,0.0,0.5,0.5,0.5,1.0,4.0
can_vwcap,can,vw_cap,120,2010,4.0,0.0,0.0,0.0,0.0,1.0,4.0
can_vwcap,can,vw_cap,120,2011,0.0,0.0,0.0,0.0,0.0,1.0,0.0
can_vwcap,can,vw_cap,120,2012,0.0,0.0,0.0,0.0,0.0,1.0,0.0
can_vwcap,can,vw_cap,120,2013,0.0,0.0,0.0,0.0,0.0,1.0,0.0
can_vwcap,can,vw_cap,120,2014,0.0,0.0,0.0,0.0,0.0,1.0,0.0
can_vwcap,can,vw_cap,120,2015,0.0,0.0,0.0,0.0,0.0,1.0,0.0
can_vwcap,can,vw_cap,120,2016,0.0,0.0,0.0,0.0,0.0,1.0,0.0
can_vwcap,can,vw_cap,120,2017,0.0,0.0,0.0,0.0,0.0,1.0,0.0
can_vwcap,can,vw_cap,120,2018,0.0,0.0,0.0,0.0,0.0,1.0,0.0
can_vwcap,can,vw_cap,120,2019,0.0,1.0,0.0,0.0,0.0,1.0,2.0
can_vwcap,can,vw_cap,120,2020,0.0,0.5,0.0,0.0,0.0,1.0,1.0
can_vwcap,can,vw_cap,120,2021,0.0,2.0,1.0,0.0,1.0,0.0,3.0
can_vwcap,can,vw_cap,120,2022,0.0,2.0,2.0,0.0,2.0,0.08225578867301782,3.0
can_vwcap,can,vw_cap,120,2023,0.0,0.5,0.5,0.0,0.5,0.406189404762973,1.0
can_vwcap,can,vw_cap,120,2024,1.0,0.5,0.5,0.5,0.5,1.0,1.0
can_vwcap,can,vw_cap,120,2025,0.5,0.5,0.5,0.5,0.5,1.0,0.0
can_vwcap,can,vw_cap,240,2015,0.0,1.0,0.0,0.0,0.0,1.0,2.0
can_vwcap,can,vw_cap,240,2016,8.0,2.0,4.0,4.0,4.0,1.0,2.0
can_vwcap,can,vw_cap,240,2017,0.0,4.0,8.0,0.0,4.0,0.0,5.0
can_vwcap,can,vw_cap,240,2018,16.0,4.0,8.0,8.0,8.0,1.0,2.0
can_vwcap,can,vw_cap,240,2019,8.0,4.0,8.0,8.0,8.0,1.0,1.0
can_vwcap,can,vw_cap,240,2020,1.0,4.0,2.0,1.0,2.0,0.0,2.0
can_vwcap,can,vw_cap,240,2021,2.0,2.0,2.0,2.0,2.0,1.0,0.0
can_vwcap,can,vw_cap,240,2022,4.0,2.0,4.0,4.0,4.0,1.0,1.0
can_vwcap,can,vw_cap,240,2023,4.0,0.0,2.0,2.0,2.0,1.0,4.0
can_vwcap,can,vw_cap,240,2024,4.0,0.0,1.0,1.0,1.0,1.0,4.0
can_vwcap,can,vw_cap,240,2025,4.0,0.0,0.5,0.5,0.5,1.0,4.0
aus_vwcap,aus,vw_cap,60,2020,4.0,16.0,8.0,4.0,8.0,0.0,2.0
aus_vwcap,aus,vw_cap,60,2021,4.0,8.0,8.0,4.0,8.0,0.011668658123234355,1.0
aus_vwcap,aus,vw_cap,60,2022,4.0,8.0,8.0,4.0,8.0,0.3213503667262224,1.0
aus_vwcap,aus,vw_cap,60,2023,4.0,8.0,8.0,4.0,8.0,0.4139344165206569,1.0
aus_vwcap,aus,vw_cap,60,2024,8.0,8.0,8.0,8.0,8.0,1.0,0.0
aus_vwcap,aus,vw_cap,60,2025,16.0,8.0,8.0,8.0,8.0,1.0,1.0
deu_vwcap,deu,vw_cap,60,2008,8.0,16.0,8.0,8.0,8.0,1.0,1.0
deu_vwcap,deu,vw_cap,60,2009,8.0,4.0,8.0,8.0,8.0,1.0,1.0
deu_vwcap,deu,vw_cap,60,2010,16.0,4.0,8.0,8.0,8.0,1.0,2.0
deu_vwcap,deu,vw_cap,60,2011,16.0,2.0,8.0,8.0,8.0,1.0,3.0
deu_vwcap,deu,vw_cap,60,2012,16.0,0.0,8.0,8.0,8.0,1.0,6.0
deu_vwcap,deu,vw_cap,60,2013,16.0,2.0,8.0,8.0,8.0,1.0,3.0
deu_vwcap,deu,vw_cap,60,2014,4.0,8.0,8.0,4.0,8.0,0.16452295345558085,1.0
deu_vwcap,deu,vw_cap,60,2015,4.0,8.0,4.0,4.0,4.0,1.0,1.0
deu_vwcap,deu,vw_cap,60,2016,2.0,16.0,8.0,2.0,8.0,0.2734433906610489,3.0
deu_vwcap,deu,vw_cap,60,2017,0.0,8.0,4.0,0.0,4.0,0.3036649198175389,5.0
deu_vwcap,deu,vw_cap,60,2018,2.0,8.0,8.0,2.0,8.0,0.3453428942823868,2.0
deu_vwcap,deu,vw_cap,60,2019,8.0,4.0,8.0,8.0,8.0,1.0,1.0
deu_vwcap,deu,vw_cap,60,2020,8.0,1.0,4.0,4.0,4.0,1.0,3.0
deu_vwcap,deu,vw_cap,60,2021,16.0,0.0,4.0,4.0,4.0,1.0,6.0
deu_vwcap,deu,vw_cap,60,2022,8.0,0.0,4.0,4.0,4.0,1.0,5.0
deu_vwcap,deu,vw_cap,60,2023,8.0,0.0,0.5,0.5,0.5,1.0,5.0
deu_vwcap,deu,vw_cap,60,2024,4.0,0.0,0.0,0.0,0.0,1.0,4.0
deu_vwcap,deu,vw_cap,60,2025,1.0,0.0,0.0,0.0,0.0,1.0,2.0
deu_vwcap,deu,vw_cap,120,2013,8.0,16.0,16.0,8.0,16.0,0.0,1.0
deu_vwcap,deu,vw_cap,120,2014,32.0,16.0,16.0,16.0,16.0,1.0,1.0
deu_vwcap,deu,vw_cap,120,2015,8.0,16.0,16.0,8.0,16.0,0.039618771488067805,1.0
deu_vwcap,deu,vw_cap,120,2016,16.0,16.0,16.0,16.0,16.0,1.0,0.0
deu_vwcap,deu,vw_cap,120,2017,16.0,16.0,16.0,16.0,16.0,1.0,0.0
deu_vwcap,deu,vw_cap,120,2018,16.0,8.0,16.0,16.0,16.0,1.0,1.0
deu_vwcap,deu,vw_cap,120,2019,16.0,8.0,16.0,16.0,16.0,1.0,1.0
deu_vwcap,deu,vw_cap,120,2020,16.0,0.0,8.0,8.0,8.0,1.0,6.0
deu_vwcap,deu,vw_cap,120,2021,16.0,0.0,8.0,8.0,8.0,1.0,6.0
deu_vwcap,deu,vw_cap,120,2022,16.0,0.0,8.0,8.0,8.0,1.0,6.0
deu_vwcap,deu,vw_cap,120,2023,8.0,0.0,0.5,0.5,0.5,1.0,5.0
deu_vwcap,deu,vw_cap,120,2024,8.0,0.0,0.0,0.0,0.0,1.0,5.0
deu_vwcap,deu,vw_cap,120,2025,0.0,0.0,0.0,0.0,0.0,1.0,0.0
deu_vwcap,deu,vw_cap,240,2023,16.0,0.0,1.0,1.0,1.0,1.0,6.0
deu_vwcap,deu,vw_cap,240,2024,8.0,0.0,0.0,0.0,0.0,1.0,5.0
deu_vwcap,deu,vw_cap,240,2025,2.0,0.0,0.0,0.0,0.0,1.0,3.0
fra_vwcap,fra,vw_cap,60,2008,4.0,16.0,8.0,4.0,8.0,0.03235331307647496,2.0
fra_vwcap,fra,vw_cap,60,2009,8.0,8.0,8.0,8.0,8.0,1.0,0.0
fra_vwcap,fra,vw_cap,60,2010,4.0,8.0,8.0,4.0,8.0,0.10385251289997527,1.0
fra_vwcap,fra,vw_cap,60,2011,0.0,8.0,8.0,0.0,8.0,0.2895131174808945,5.0
fra_vwcap,fra,vw_cap,60,2012,2.0,8.0,8.0,2.0,8.0,0.2938613194614048,2.0
fra_vwcap,fra,vw_cap,60,2013,16.0,4.0,8.0,8.0,8.0,1.0,2.0
fra_vwcap,fra,vw_cap,60,2014,8.0,4.0,8.0,8.0,8.0,1.0,1.0
fra_vwcap,fra,vw_cap,60,2015,8.0,1.0,8.0,8.0,8.0,1.0,3.0
fra_vwcap,fra,vw_cap,60,2016,8.0,4.0,8.0,8.0,8.0,1.0,1.0
fra_vwcap,fra,vw_cap,60,2017,8.0,4.0,4.0,4.0,4.0,1.0,1.0
fra_vwcap,fra,vw_cap,60,2018,4.0,4.0,4.0,4.0,4.0,1.0,0.0
fra_vwcap,fra,vw_cap,60,2019,4.0,4.0,4.0,4.0,4.0,1.0,0.0
fra_vwcap,fra,vw_cap,60,2020,1.0,8.0,4.0,1.0,4.0,0.09578899709371391,3.0
fra_vwcap,fra,vw_cap,60,2021,4.0,0.0,0.0,0.0,0.0,1.0,4.0
fra_vwcap,fra,vw_cap,60,2022,4.0,0.0,0.5,0.5,0.5,1.0,4.0
fra_vwcap,fra,vw_cap,60,2023,4.0,0.0,0.5,0.5,0.5,1.0,4.0
fra_vwcap,fra,vw_cap,60,2024,4.0,0.0,1.0,1.0,1.0,1.0,4.0
fra_vwcap,fra,vw_cap,60,2025,8.0,0.5,2.0,2.0,2.0,1.0,4.0
fra_vwcap,fra,vw_cap,120,2013,0.0,8.0,0.0,0.0,0.0,1.0,5.0
fra_vwcap,fra,vw_cap,120,2014,0.0,2.0,0.0,0.0,0.0,1.0,3.0
fra_vwcap,fra,vw_cap,120,2015,0.0,1.0,0.0,0.0,0.0,1.0,2.0
fra_vwcap,fra,vw_cap,120,2016,0.0,8.0,8.0,0.0,8.0,0.35275383831758417,5.0
fra_vwcap,fra,vw_cap,120,2017,8.0,4.0,8.0,8.0,8.0,1.0,1.0
fra_vwcap,fra,vw_cap,120,2018,8.0,8.0,8.0,8.0,8.0,1.0,0.0
fra_vwcap,fra,vw_cap,120,2019,2.0,16.0,8.0,2.0,8.0,0.0,3.0
fra_vwcap,fra,vw_cap,120,2020,1.0,8.0,8.0,1.0,8.0,0.10186848321004395,3.0
fra_vwcap,fra,vw_cap,120,2021,8.0,0.0,1.0,1.0,1.0,1.0,5.0
fra_vwcap,fra,vw_cap,120,2022,4.0,0.0,2.0,2.0,2.0,1.0,4.0
fra_vwcap,fra,vw_cap,120,2023,8.0,0.0,2.0,2.0,2.0,1.0,5.0
fra_vwcap,fra,vw_cap,120,2024,16.0,0.0,4.0,4.0,4.0,1.0,6.0
fra_vwcap,fra,vw_cap,120,2025,8.0,2.0,4.0,4.0,4.0,1.0,2.0
fra_vwcap,fra,vw_cap,240,2023,16.0,4.0,8.0,8.0,8.0,1.0,2.0
fra_vwcap,fra,vw_cap,240,2024,16.0,8.0,8.0,8.0,8.0,1.0,1.0
fra_vwcap,fra,vw_cap,240,2025,16.0,8.0,8.0,8.0,8.0,1.0,1.0
che_vwcap,che,vw_cap,60,2009,8.0,4.0,4.0,4.0,4.0,1.0,1.0
che_vwcap,che,vw_cap,60,2010,8.0,2.0,4.0,4.0,4.0,1.0,2.0
che_vwcap,che,vw_cap,60,2011,0.0,4.0,4.0,0.0,4.0,0.060261838114232996,4.0
che_vwcap,che,vw_cap,60,2012,0.0,4.0,4.0,0.0,4.0,0.15550903736225366,4.0
che_vwcap,che,vw_cap,60,2013,8.0,2.0,4.0,4.0,4.0,1.0,2.0
che_vwcap,che,vw_cap,60,2014,4.0,2.0,4.0,4.0,4.0,1.0,1.0
che_vwcap,che,vw_cap,60,2015,2.0,8.0,4.0,2.0,4.0,0.0,2.0
che_vwcap,che,vw_cap,60,2016,4.0,4.0,4.0,4.0,4.0,1.0,0.0
che_vwcap,che,vw_cap,60,2017,4.0,4.0,4.0,4.0,4.0,1.0,0.0
che_vwcap,che,vw_cap,60,2018,2.0,4.0,4.0,2.0,4.0,0.3460092293000916,1.0
che_vwcap,che,vw_cap,60,2019,2.0,8.0,4.0,2.0,4.0,0.0,2.0
che_vwcap,che,vw_cap,60,2020,8.0,4.0,4.0,4.0,4.0,1.0,1.0
che_vwcap,che,vw_cap,60,2021,4.0,0.0,2.0,2.0,2.0,1.0,4.0
che_vwcap,che,vw_cap,60,2022,4.0,0.0,2.0,2.0,2.0,1.0,4.0
che_vwcap,che,vw_cap,60,2023,4.0,0.0,2.0,2.0,2.0,1.0,4.0
che_vwcap,che,vw_cap,60,2024,8.0,0.0,4.0,4.0,4.0,1.0,5.0
che_vwcap,che,vw_cap,60,2025,4.0,0.0,2.0,2.0,2.0,1.0,4.0
che_vwcap,che,vw_cap,120,2014,0.0,8.0,4.0,0.0,4.0,0.041839695783785644,5.0
che_vwcap,che,vw_cap,120,2015,4.0,8.0,8.0,4.0,8.0,0.14575697338347945,1.0
che_vwcap,che,vw_cap,120,2016,8.0,4.0,8.0,8.0,8.0,1.0,1.0
che_vwcap,che,vw_cap,120,2017,8.0,8.0,8.0,8.0,8.0,1.0,0.0
che_vwcap,che,vw_cap,120,2018,8.0,4.0,8.0,8.0,8.0,1.0,1.0
che_vwcap,che,vw_cap,120,2019,8.0,8.0,8.0,8.0,8.0,1.0,0.0
che_vwcap,che,vw_cap,120,2020,8.0,8.0,8.0,8.0,8.0,1.0,0.0
che_vwcap,che,vw_cap,120,2021,4.0,8.0,4.0,4.0,4.0,1.0,1.0
che_vwcap,che,vw_cap,120,2022,8.0,16.0,8.0,8.0,8.0,1.0,1.0
che_vwcap,che,vw_cap,120,2023,4.0,0.0,8.0,4.0,4.0,1.0,5.0
che_vwcap,che,vw_cap,120,2024,8.0,8.0,8.0,8.0,8.0,1.0,0.0
che_vwcap,che,vw_cap,120,2025,8.0,0.0,4.0,4.0,4.0,1.0,5.0
hkg_vwcap,hkg,vw_cap,60,2018,8.0,4.0,8.0,8.0,8.0,1.0,1.0
hkg_vwcap,hkg,vw_cap,60,2019,8.0,2.0,8.0,8.0,8.0,1.0,2.0
hkg_vwcap,hkg,vw_cap,60,2020,16.0,8.0,8.0,8.0,8.0,1.0,1.0
hkg_vwcap,hkg,vw_cap,60,2021,8.0,16.0,8.0,8.0,8.0,1.0,1.0
hkg_vwcap,hkg,vw_cap,60,2022,4.0,8.0,8.0,4.0,8.0,0.05150066094188656,1.0
hkg_vwcap,hkg,vw_cap,60,2023,4.0,8.0,8.0,4.0,8.0,0.16370682618949825,1.0
hkg_vwcap,hkg,vw_cap,60,2024,2.0,16.0,8.0,2.0,8.0,0.15068301286927915,3.0
hkg_vwcap,hkg,vw_cap,60,2025,8.0,8.0,8.0,8.0,8.0,1.0,0.0
hkg_vwcap,hkg,vw_cap,120,2023,16.0,16.0,16.0,16.0,16.0,1.0,0.0
hkg_vwcap,hkg,vw_cap,120,2024,8.0,16.0,8.0,8.0,8.0,1.0,1.0
hkg_vwcap,hkg,vw_cap,120,2025,16.0,8.0,16.0,16.0,16.0,1.0,1.0
nld_vwcap,nld,vw_cap,60,2019,0.0,0.0,0.0,0.0,0.0,1.0,0.0
nld_vwcap,nld,vw_cap,60,2020,8.0,0.0,2.0,2.0,2.0,1.0,5.0
nld_vwcap,nld,vw_cap,60,2021,8.0,2.0,4.0,4.0,4.0,1.0,2.0
nld_vwcap,nld,vw_cap,60,2022,0.0,4.0,2.0,0.0,2.0,0.0,4.0
nld_vwcap,nld,vw_cap,60,2023,0.0,4.0,1.0,0.0,1.0,0.0,4.0
nld_vwcap,nld,vw_cap,60,2024,0.0,8.0,4.0,0.0,4.0,0.18147906259763852,5.0
nld_vwcap,nld,vw_cap,60,2025,0.0,8.0,4.0,0.0,4.0,0.009231637987967244,5.0
swe_vwcap,swe,vw_cap,60,2013,0.0,1.0,0.5,0.0,0.5,0.0,2.0
swe_vwcap,swe,vw_cap,60,2014,0.0,4.0,1.0,0.0,1.0,0.0,4.0
swe_vwcap,swe,vw_cap,60,2015,1.0,8.0,4.0,1.0,4.0,0.2632859223266008,3.0
swe_vwcap,swe,vw_cap,60,2016,2.0,0.5,2.0,2.0,2.0,1.0,2.0
swe_vwcap,swe,vw_cap,60,2017,1.0,4.0,2.0,1.0,2.0,0.0,2.0
swe_vwcap,swe,vw_cap,60,2018,1.0,8.0,4.0,1.0,4.0,0.0,3.0
swe_vwcap,swe,vw_cap,60,2019,4.0,8.0,8.0,4.0,8.0,0.4834934467555371,1.0
swe_vwcap,swe,vw_cap,60,2020,8.0,2.0,4.0,4.0,4.0,1.0,2.0
swe_vwcap,swe,vw_cap,60,2021,0.5,2.0,2.0,0.5,2.0,0.0,2.0
swe_vwcap,swe,vw_cap,60,2022,4.0,2.0,4.0,4.0,4.0,1.0,1.0
swe_vwcap,swe,vw_cap,60,2023,8.0,0.0,2.0,2.0,2.0,1.0,5.0
swe_vwcap,swe,vw_cap,60,2024,8.0,0.0,2.0,2.0,2.0,1.0,5.0
swe_vwcap,swe,vw_cap,60,2025,2.0,0.0,1.0,1.0,1.0,1.0,3.0
swe_vwcap,swe,vw_cap,120,2018,16.0,8.0,8.0,8.0,8.0,1.0,1.0
swe_vwcap,swe,vw_cap,120,2019,16.0,8.0,8.0,8.0,8.0,1.0,1.0
swe_vwcap,swe,vw_cap,120,2020,16.0,8.0,8.0,8.0,8.0,1.0,1.0
swe_vwcap,swe,vw_cap,120,2021,2.0,4.0,4.0,2.0,4.0,0.0,1.0
swe_vwcap,swe,vw_cap,120,2022,8.0,4.0,4.0,4.0,4.0,1.0,1.0
swe_vwcap,swe,vw_cap,120,2023,8.0,0.0,4.0,4.0,4.0,1.0,5.0
swe_vwcap,swe,vw_cap,120,2024,8.0,0.0,2.0,2.0,2.0,1.0,5.0
swe_vwcap,swe,vw_cap,120,2025,8.0,0.0,1.0,1.0,1.0,1.0,5.0
ind_vwcap,ind,vw_cap,60,2020,16.0,4.0,8.0,8.0,8.0,1.0,2.0
ind_vwcap,ind,vw_cap,60,2021,8.0,4.0,8.0,8.0,8.0,1.0,1.0
ind_vwcap,ind,vw_cap,60,2022,8.0,0.0,8.0,8.0,8.0,1.0,5.0
ind_vwcap,ind,vw_cap,60,2023,8.0,0.0,8.0,8.0,8.0,1.0,5.0
ind_vwcap,ind,vw_cap,60,2024,8.0,0.0,2.0,2.0,2.0,1.0,5.0
ind_vwcap,ind,vw_cap,60,2025,4.0,0.0,0.0,0.0,0.0,1.0,4.0
usa_vw,usa,vw,60,2005,4.0,8.0,8.0,4.0,8.0,0.3983026734088866,1.0
usa_vw,usa,vw,60,2006,4.0,16.0,8.0,4.0,8.0,0.4581818118633972,2.0
usa_vw,usa,vw,60,2007,4.0,16.0,8.0,4.0,8.0,0.3658079859295365,2.0
usa_vw,usa,vw,60,2008,4.0,16.0,8.0,4.0,8.0,0.49782406470533036,2.0
usa_vw,usa,vw,60,2009,8.0,4.0,8.0,8.0,8.0,1.0,1.0
usa_vw,usa,vw,60,2010,8.0,8.0,8.0,8.0,8.0,1.0,0.0
usa_vw,usa,vw,60,2011,16.0,4.0,8.0,8.0,8.0,1.0,2.0
usa_vw,usa,vw,60,2012,16.0,4.0,8.0,8.0,8.0,1.0,2.0
usa_vw,usa,vw,60,2013,16.0,4.0,8.0,8.0,8.0,1.0,2.0
usa_vw,usa,vw,60,2014,4.0,8.0,4.0,4.0,4.0,1.0,1.0
usa_vw,usa,vw,60,2015,8.0,8.0,8.0,8.0,8.0,1.0,0.0
usa_vw,usa,vw,60,2016,4.0,16.0,8.0,4.0,8.0,0.3195124720962901,2.0
usa_vw,usa,vw,60,2017,4.0,4.0,4.0,4.0,4.0,1.0,0.0
usa_vw,usa,vw,60,2018,4.0,4.0,4.0,4.0,4.0,1.0,0.0
usa_vw,usa,vw,60,2019,8.0,8.0,8.0,8.0,8.0,1.0,0.0
usa_vw,usa,vw,60,2020,8.0,4.0,8.0,8.0,8.0,1.0,1.0
usa_vw,usa,vw,60,2021,16.0,4.0,8.0,8.0,8.0,1.0,2.0
usa_vw,usa,vw,60,2022,4.0,8.0,4.0,4.0,4.0,1.0,1.0
usa_vw,usa,vw,60,2023,4.0,8.0,8.0,4.0,8.0,0.4770311349260803,1.0
usa_vw,usa,vw,60,2024,8.0,8.0,8.0,8.0,8.0,1.0,0.0
usa_vw,usa,vw,60,2025,4.0,4.0,4.0,4.0,4.0,1.0,0.0
usa_vw,usa,vw,120,2005,4.0,16.0,8.0,4.0,8.0,0.0,2.0
usa_vw,usa,vw,120,2006,8.0,16.0,8.0,8.0,8.0,1.0,1.0
usa_vw,usa,vw,120,2007,8.0,16.0,8.0,8.0,8.0,1.0,1.0
usa_vw,usa,vw,120,2008,8.0,16.0,8.0,8.0,8.0,1.0,1.0
usa_vw,usa,vw,120,2009,8.0,16.0,8.0,8.0,8.0,1.0,1.0
usa_vw,usa,vw,120,2010,16.0,8.0,8.0,8.0,8.0,1.0,1.0
usa_vw,usa,vw,120,2011,16.0,8.0,16.0,16.0,16.0,1.0,1.0
usa_vw,usa,vw,120,2012,16.0,8.0,16.0,16.0,16.0,1.0,1.0
usa_vw,usa,vw,120,2013,16.0,8.0,8.0,8.0,8.0,1.0,1.0
usa_vw,usa,vw,120,2014,16.0,0.0,8.0,8.0,8.0,1.0,6.0
usa_vw,usa,vw,120,2015,8.0,0.0,8.0,8.0,8.0,1.0,5.0
usa_vw,usa,vw,120,2016,8.0,0.0,8.0,8.0,8.0,1.0,5.0
usa_vw,usa,vw,120,2017,8.0,0.0,4.0,4.0,4.0,1.0,5.0
usa_vw,usa,vw,120,2018,8.0,0.0,8.0,8.0,8.0,1.0,5.0
usa_vw,usa,vw,120,2019,0.0,16.0,8.0,0.0,8.0,0.3758402912175478,6.0
usa_vw,usa,vw,120,2020,0.0,8.0,8.0,0.0,8.0,0.040901461718314484,5.0
usa_vw,usa,vw,120,2021,0.0,8.0,8.0,0.0,8.0,0.05208475860704566,5.0
usa_vw,usa,vw,120,2022,0.0,8.0,8.0,0.0,8.0,0.03139303099417083,5.0
usa_vw,usa,vw,120,2023,0.0,8.0,8.0,0.0,8.0,0.033362746856595536,5.0
usa_vw,usa,vw,120,2024,16.0,8.0,8.0,8.0,8.0,1.0,1.0
usa_vw,usa,vw,120,2025,8.0,8.0,8.0,8.0,8.0,1.0,0.0
usa_vw,usa,vw,240,2005,16.0,16.0,16.0,16.0,16.0,1.0,0.0
usa_vw,usa,vw,240,2006,8.0,16.0,16.0,8.0,16.0,0.13997462227074717,1.0
usa_vw,usa,vw,240,2007,16.0,32.0,16.0,16.0,16.0,1.0,1.0
usa_vw,usa,vw,240,2008,16.0,32.0,16.0,16.0,16.0,1.0,1.0
usa_vw,usa,vw,240,2009,16.0,32.0,16.0,16.0,16.0,1.0,1.0
usa_vw,usa,vw,240,2010,16.0,16.0,16.0,16.0,16.0,1.0,0.0
usa_vw,usa,vw,240,2011,16.0,8.0,16.0,16.0,16.0,1.0,1.0
usa_vw,usa,vw,240,2012,32.0,4.0,16.0,16.0,16.0,1.0,3.0
usa_vw,usa,vw,240,2013,32.0,8.0,16.0,16.0,16.0,1.0,2.0
usa_vw,usa,vw,240,2014,32.0,2.0,8.0,8.0,8.0,1.0,4.0
usa_vw,usa,vw,240,2015,16.0,4.0,8.0,8.0,8.0,1.0,2.0
usa_vw,usa,vw,240,2016,8.0,32.0,8.0,8.0,8.0,1.0,2.0
usa_vw,usa,vw,240,2017,4.0,8.0,8.0,4.0,8.0,0.15460308807468956,1.0
usa_vw,usa,vw,240,2018,8.0,16.0,8.0,8.0,8.0,1.0,1.0
usa_vw,usa,vw,240,2019,2.0,8.0,4.0,2.0,4.0,0.0,2.0
usa_vw,usa,vw,240,2020,4.0,16.0,8.0,4.0,8.0,0.012941223043091763,2.0
usa_vw,usa,vw,240,2021,32.0,16.0,32.0,32.0,32.0,1.0,1.0
usa_vw,usa,vw,240,2022,8.0,32.0,32.0,8.0,32.0,0.36771443341764015,2.0
usa_vw,usa,vw,240,2023,16.0,32.0,16.0,16.0,16.0,1.0,1.0
usa_vw,usa,vw,240,2024,8.0,16.0,16.0,8.0,16.0,0.0,1.0
usa_vw,usa,vw,240,2025,16.0,16.0,16.0,16.0,16.0,1.0,0.0
usa_ew,usa,ew,60,2005,8.0,8.0,8.0,8.0,8.0,1.0,0.0
usa_ew,usa,ew,60,2006,8.0,16.0,8.0,8.0,8.0,1.0,1.0
usa_ew,usa,ew,60,2007,8.0,16.0,8.0,8.0,8.0,1.0,1.0
usa_ew,usa,ew,60,2008,8.0,16.0,8.0,8.0,8.0,1.0,1.0
usa_ew,usa,ew,60,2009,8.0,16.0,8.0,8.0,8.0,1.0,1.0
usa_ew,usa,ew,60,2010,8.0,16.0,16.0,8.0,16.0,0.4803184689507297,1.0
usa_ew,usa,ew,60,2011,16.0,16.0,16.0,16.0,16.0,1.0,0.0
usa_ew,usa,ew,60,2012,16.0,16.0,16.0,16.0,16.0,1.0,0.0
usa_ew,usa,ew,60,2013,16.0,16.0,16.0,16.0,16.0,1.0,0.0
usa_ew,usa,ew,60,2014,16.0,16.0,16.0,16.0,16.0,1.0,0.0
usa_ew,usa,ew,60,2015,16.0,16.0,16.0,16.0,16.0,1.0,0.0
usa_ew,usa,ew,60,2016,16.0,16.0,16.0,16.0,16.0,1.0,0.0
usa_ew,usa,ew,60,2017,16.0,8.0,16.0,16.0,16.0,1.0,1.0
usa_ew,usa,ew,60,2018,16.0,8.0,8.0,8.0,8.0,1.0,1.0
usa_ew,usa,ew,60,2019,16.0,8.0,16.0,16.0,16.0,1.0,1.0
usa_ew,usa,ew,60,2020,16.0,8.0,8.0,8.0,8.0,1.0,1.0
usa_ew,usa,ew,60,2021,16.0,2.0,8.0,8.0,8.0,1.0,3.0
usa_ew,usa,ew,60,2022,8.0,2.0,4.0,4.0,4.0,1.0,2.0
usa_ew,usa,ew,60,2023,8.0,2.0,4.0,4.0,4.0,1.0,2.0
usa_ew,usa,ew,60,2024,8.0,2.0,4.0,4.0,4.0,1.0,2.0
usa_ew,usa,ew,60,2025,8.0,1.0,4.0,4.0,4.0,1.0,3.0
usa_ew,usa,ew,120,2005,32.0,32.0,32.0,32.0,32.0,1.0,0.0
usa_ew,usa,ew,120,2006,32.0,32.0,32.0,32.0,32.0,1.0,0.0
usa_ew,usa,ew,120,2007,32.0,32.0,32.0,32.0,32.0,1.0,0.0
usa_ew,usa,ew,120,2008,32.0,32.0,32.0,32.0,32.0,1.0,0.0
usa_ew,usa,ew,120,2009,32.0,32.0,32.0,32.0,32.0,1.0,0.0
usa_ew,usa,ew,120,2010,32.0,16.0,32.0,32.0,32.0,1.0,1.0
usa_ew,usa,ew,120,2011,32.0,16.0,32.0,32.0,32.0,1.0,1.0
usa_ew,usa,ew,120,2012,32.0,32.0,32.0,32.0,32.0,1.0,0.0
usa_ew,usa,ew,120,2013,32.0,32.0,32.0,32.0,32.0,1.0,0.0
usa_ew,usa,ew,120,2014,32.0,32.0,32.0,32.0,32.0,1.0,0.0
usa_ew,usa,ew,120,2015,16.0,32.0,32.0,16.0,32.0,0.11557157344037573,1.0
usa_ew,usa,ew,120,2016,16.0,32.0,32.0,16.0,32.0,0.39194054938849937,1.0
usa_ew,usa,ew,120,2017,32.0,16.0,16.0,16.0,16.0,1.0,1.0
usa_ew,usa,ew,120,2018,32.0,16.0,16.0,16.0,16.0,1.0,1.0
usa_ew,usa,ew,120,2019,32.0,16.0,16.0,16.0,16.0,1.0,1.0
usa_ew,usa,ew,120,2020,32.0,8.0,32.0,32.0,32.0,1.0,2.0
usa_ew,usa,ew,120,2021,32.0,8.0,16.0,16.0,16.0,1.0,2.0
usa_ew,usa,ew,120,2022,16.0,16.0,16.0,16.0,16.0,1.0,0.0
usa_ew,usa,ew,120,2023,16.0,4.0,8.0,8.0,8.0,1.0,2.0
usa_ew,usa,ew,120,2024,16.0,4.0,8.0,8.0,8.0,1.0,2.0
usa_ew,usa,ew,120,2025,8.0,8.0,8.0,8.0,8.0,1.0,0.0
usa_ew,usa,ew,240,2005,16.0,32.0,32.0,16.0,32.0,0.4520622048853883,1.0
usa_ew,usa,ew,240,2006,32.0,32.0,32.0,32.0,32.0,1.0,0.0
usa_ew,usa,ew,240,2007,16.0,32.0,32.0,16.0,32.0,0.3755433897100973,1.0
usa_ew,usa,ew,240,2008,16.0,32.0,32.0,16.0,32.0,0.3068258675049511,1.0
usa_ew,usa,ew,240,2009,16.0,32.0,32.0,16.0,32.0,0.4488162513401585,1.0
usa_ew,usa,ew,240,2010,32.0,16.0,32.0,32.0,32.0,1.0,1.0
usa_ew,usa,ew,240,2011,32.0,16.0,32.0,32.0,32.0,1.0,1.0
usa_ew,usa,ew,240,2012,32.0,16.0,32.0,32.0,32.0,1.0,1.0
usa_ew,usa,ew,240,2013,32.0,16.0,32.0,32.0,32.0,1.0,1.0
usa_ew,usa,ew,240,2014,32.0,32.0,32.0,32.0,32.0,1.0,0.0
usa_ew,usa,ew,240,2015,16.0,32.0,32.0,16.0,32.0,0.06726631620047341,1.0
usa_ew,usa,ew,240,2016,16.0,32.0,32.0,16.0,32.0,0.36667193064968756,1.0
usa_ew,usa,ew,240,2017,16.0,16.0,16.0,16.0,16.0,1.0,0.0
usa_ew,usa,ew,240,2018,16.0,16.0,16.0,16.0,16.0,1.0,0.0
usa_ew,usa,ew,240,2019,32.0,16.0,32.0,32.0,32.0,1.0,1.0
usa_ew,usa,ew,240,2020,32.0,16.0,32.0,32.0,32.0,1.0,1.0
usa_ew,usa,ew,240,2021,32.0,4.0,16.0,16.0,16.0,1.0,3.0
usa_ew,usa,ew,240,2022,16.0,2.0,8.0,8.0,8.0,1.0,3.0
usa_ew,usa,ew,240,2023,16.0,1.0,8.0,8.0,8.0,1.0,4.0
usa_ew,usa,ew,240,2024,16.0,1.0,8.0,8.0,8.0,1.0,4.0
usa_ew,usa,ew,240,2025,16.0,8.0,8.0,8.0,8.0,1.0,1.0
