model,budget,selected,validation_sharpe,validation_loss,test_sharpe,test_loss,mean_C,mean_lambda,mean_IS_Sharpe
matern_full,0.5,False,0.6311994729668389,0.99088432971354,0.47450915744053823,0.9975180295771113,0.5,0.3011168973597458,1.7178872398151601
matern_full,1.0,False,0.6334762505923573,0.9820792102948052,0.49230568240388,0.9951579802408506,1.0,0.1455986006389638,1.7668325056760432
matern_full,2.0,False,0.6329236431763557,0.965613598716219,0.5250318907015713,0.9907704926937859,2.0,0.06821288925602408,1.8578356454056264
matern_full,4.0,False,0.6223862705947666,0.93773799425094,0.5780134582732237,0.9832074319027155,4.0,0.03015885370834901,2.021396943712071
matern_full,8.0,False,0.6095173723589582,0.8988440887356073,0.6397142944555471,0.9721592982649644,8.0,0.012071157204185676,2.3624461403158277
matern_full,12.0,False,0.6032412785869987,0.8745809818252129,0.6727287179315806,0.9648685823606542,12.0,0.00659731330739797,2.728493797038464
matern_full,16.0,False,0.6021235314532343,0.8589787315654969,0.680873049344839,0.9596614533999789,16.0,0.004129838994365303,3.0527884560175367
matern_full,24.0,False,0.6309926437944056,0.8415644161220164,0.6582155492344589,0.9521345723779415,24.0,0.001993730853441384,3.7117225368958975
matern_full,32.0,False,0.6587106547197754,0.8327194428328928,0.6500312087672674,0.9469679893292048,32.0,0.001119847736052675,4.3602412674764635
matern_full,48.0,True,0.6720283593530083,0.8234673670530641,0.6983418032066886,0.9457389974428919,48.0,0.00043824045008231826,6.028435416703337
matern_full,64.0,False,0.6588751333534308,0.820325685729884,0.7100435037317416,0.9601358698501693,64.0,0.00019382700579179176,8.436578320559917
matern_full,96.0,False,0.600444649003189,0.8494353892400378,0.6931734619174125,1.0422514578630564,96.0,3.4638128806687236e-05,20.391926958104598
matern_full,118.0,False,0.5513048338669367,0.9158720911825216,0.6280683077473025,1.1723556149622771,118.0,1.7517671262413096e-06,225.97003718568197
constant_full,0.5,False,0.8667898772236766,0.9825623460606127,0.3419418730107647,0.9981696263303975,0.5,0.2539241609120548,1.0859601004547579
constant_full,1.0,False,1.0022152215332705,0.9617143934110243,0.3855859007483083,0.9956384045580754,1.0,0.10440639890929641,1.217311532416154
constant_full,2.0,False,1.359890196846876,0.9100110076220063,0.5125951432755083,0.9881213984069891,2.0,0.03786255597884826,1.5701933129269323
constant_full,4.0,False,1.9780397975976873,0.8037101723100069,0.761532957828437,0.9667109902838111,4.0,0.01233404739559216,1.93304507722703
constant_full,8.0,False,2.5325839575784457,0.6629210801753527,1.04093683000075,0.9257052610863343,8.0,0.003664161000723655,2.372717303426385
constant_full,12.0,False,2.814302236408925,0.5955937040742717,1.1596654446292427,0.9002639400525845,12.0,0.0017023668738818782,2.678948663900509
constant_full,16.0,False,2.9878412426085617,0.5630194375022616,1.2171547110976717,0.8876557421953447,16.0,0.0009529045121485869,2.964240560996389
constant_full,24.0,True,3.1315794234040117,0.5446904752523151,1.2432628922253488,0.8894329145333286,24.0,0.00039148249965075276,3.5439601400541485
constant_full,32.0,False,3.1296329584164075,0.5591120997234891,1.2060913892459366,0.9200291563946711,32.0,0.00019366167630240227,4.17162632038804
constant_full,48.0,False,2.9776569310682546,0.6361188908791591,1.0588392585941933,1.060045016414542,48.0,6.08507305537207e-05,5.578211000968874
constant_full,64.0,False,2.7587191721034188,0.7514687590729496,0.885401997519292,1.3130405851404046,64.0,2.182132760016326e-05,7.414106839384408
constant_full,96.0,False,1.9341626608632954,1.3714230589797485,0.5382414503160866,2.406923973709385,96.0,2.402600661473556e-06,15.405043534616073
constant_full,118.0,False,1.0408190103615227,4.072230308349773,0.31662637144857075,5.0644827797994365,118.0,7.482857877950988e-08,135.19283406149805
linear_full,0.5,False,0.7417084504549905,0.9889122594283464,0.3918464109667123,0.9985671887356977,0.5,5.890707393934365,1.1040480901000316
linear_full,1.0,False,0.7820610261622101,0.9898200128241236,0.4238379526636813,0.9972570221950412,1.0,2.3582660703288743,1.168253880656537
linear_full,2.0,False,0.8732173436272033,0.9882160392928067,0.47234640148623025,0.9949317971717517,2.0,0.787532963468717,1.3191313178193589
linear_full,4.0,False,1.014272452710957,0.9595893947123938,0.5468716353440354,0.9914639938294016,4.0,0.22839205311767455,1.5970642760239078
linear_full,8.0,False,1.599557816170477,0.8686408934374892,0.5940629258296076,0.9895124543740376,8.0,0.06354448926971658,2.02847510473907
linear_full,12.0,False,2.000963228886729,0.7844151648453839,0.5736619086926764,0.9925516101837913,12.0,0.028673871610166386,2.360612877824915
linear_full,16.0,True,2.140163878656031,0.7319103854238401,0.616286666365151,0.9988052416387012,16.0,0.015635230744226854,2.6478513710290947
linear_full,24.0,False,1.9459882243907731,0.7848025591565092,0.7189988491506695,1.0164557144860238,24.0,0.006103601396037109,3.2272578175640088
linear_full,32.0,False,1.734829918372461,1.0904326441973227,0.77209280187033,1.0388407943723437,32.0,0.002898554462892313,3.85461199567241
linear_full,48.0,False,1.5914367286712667,2.251741301028113,0.7770986588130399,1.1155244623819445,48.0,0.0008810241217485368,5.356420142134082
linear_full,64.0,False,1.3399931176946618,3.921649070318515,0.6941150853868739,1.268195246156321,64.0,0.00032454494685605777,7.47274447906968
linear_full,96.0,False,0.9127201458019367,9.046722317241628,0.5093369541758035,1.8499067235968822,96.0,4.483759369144977e-05,18.53464695045559
linear_full,118.0,False,0.7109479117873548,14.550358358819684,0.27981516349783614,2.5762915708601155,118.0,2.001671356211914e-06,215.78816672312837
rbf_full,0.5,True,0.5868227742696418,0.9891815687908121,0.47557574325838486,0.9971460828084314,0.5,0.2993791459367871,1.5910750563551699
rbf_full,1.0,False,0.5861773088594054,0.9786549129437968,0.49401235970514223,0.9944408341325984,1.0,0.1439304627988755,1.6394511711940258
rbf_full,2.0,False,0.5823561779756331,0.9589846444303148,0.5312309824019594,0.9894393946485711,2.0,0.06667821066748414,1.7325498787412286
rbf_full,4.0,False,0.5759709576037871,0.9264996504816312,0.5845740206864471,0.9809972250633668,4.0,0.028860369562633617,1.9135297526702164
rbf_full,8.0,False,0.5589767256509088,0.8843960332208813,0.63930999864767,0.969616138682468,8.0,0.011126215328323726,2.2665038079053
rbf_full,12.0,False,0.5406875454494144,0.8610721662546675,0.6629869388116233,0.9631981216383914,12.0,0.005893565478252618,2.6049433408869858
rbf_full,16.0,False,0.5320218042657152,0.8479828054640776,0.6581509721186999,0.9593878617601606,16.0,0.0035961571785855673,2.937309600562277
rbf_full,24.0,False,0.5500482612209449,0.8363432083506038,0.6211699269977905,0.9556924518642734,24.0,0.0016722124063539567,3.5920603709461383
rbf_full,32.0,False,0.5540849215894361,0.8327001362346134,0.6184141187119533,0.9563705391273868,32.0,0.000915277249056172,4.305009689310971
rbf_full,48.0,False,0.5251418318328026,0.8331880740417043,0.6384891436864338,0.9745993226130761,48.0,0.0003452923081470694,6.0025869627088735
rbf_full,64.0,False,0.49863423091902737,0.8417339147978283,0.6118827489302204,1.0167027798564228,64.0,0.00014826692776134632,8.288545778707942
rbf_full,96.0,False,0.4326608660376194,0.9021453966359531,0.5586058051786811,1.170753058395336,96.0,2.504624086674938e-05,19.936266609293593
rbf_full,118.0,False,0.3779185606973341,1.0000846476631644,0.46705769899122745,1.3851678975984725,118.0,1.217739007654317e-06,220.89490525731338
drop_sleeves_intangibles,0.5,False,0.661345661469107,0.9910998012114942,0.4663508612816569,0.9977828506317267,0.5,0.2525554411697042,1.5968929524451523
drop_sleeves_intangibles,1.0,False,0.6658000991706782,0.9825060756001529,0.48162264044081743,0.9956903172494443,1.0,0.12192619247455379,1.6406281645437697
drop_sleeves_intangibles,2.0,True,0.6673087431685554,0.9664636172424587,0.5101808042457726,0.9918284842921677,2.0,0.05695275827762797,1.7233833121780338
drop_sleeves_intangibles,4.0,False,0.6529168947042236,0.9395026646603071,0.5638713878598672,0.9852772495369267,4.0,0.025044040889122685,1.8863043863684394
drop_sleeves_intangibles,8.0,False,0.6206829231172801,0.9025330258341033,0.6246624702457095,0.976287490609683,8.0,0.009927216526595494,2.2279333124953205
drop_sleeves_intangibles,12.0,False,0.6043194869869952,0.8798831315846155,0.6533427423436983,0.9712078613690194,12.0,0.005377459227704164,2.572834345171356
drop_sleeves_intangibles,16.0,False,0.596991605965778,0.8654489116289125,0.6564548739650277,0.9683584931607472,16.0,0.003338158385770034,2.885612478496527
drop_sleeves_intangibles,24.0,False,0.6079129139340104,0.8491135994949273,0.6095555115707281,0.9660183285116068,24.0,0.001586985220839836,3.5211551040950777
drop_sleeves_intangibles,32.0,False,0.634129667195668,0.8399579351109178,0.5691036691310994,0.966758922351713,32.0,0.0008791673430078917,4.200296662560153
drop_sleeves_intangibles,48.0,False,0.6402306324318126,0.827678693927567,0.5726533757976893,0.9791645526589895,48.0,0.0003357554589730684,5.768967618567728
drop_sleeves_intangibles,64.0,False,0.619368659874149,0.8207157221128425,0.5779633394594726,1.008478478563705,64.0,0.00014530032867729573,7.910031061042266
drop_sleeves_intangibles,96.0,False,0.5527704134405161,0.8407629610011772,0.5427488185416233,1.1260718600166715,96.0,2.499927255259623e-05,19.334233633322967
drop_sleeves_intangibles,118.0,False,0.5016341582669979,0.8898254135835371,0.4926400419141733,1.28863123617859,118.0,1.2385190697866229e-06,216.79939242664608
drop_sleeves_investment,0.5,False,0.57818014615072,0.9918788450495359,0.4831843282531337,0.997381178271311,0.5,0.27024897559943706,1.663483428614217
drop_sleeves_investment,1.0,False,0.5798083625336014,0.984145684252599,0.5003031666487618,0.994899688949639,1.0,0.13054802151241626,1.711821944968296
drop_sleeves_investment,2.0,False,0.580460282277457,0.9699677236512211,0.5304181551738518,0.9903098664048098,2.0,0.06106336559357547,1.8026994819743156
drop_sleeves_investment,4.0,False,0.5770763885227064,0.9467029644960677,0.5795457950059435,0.9824916498947583,4.0,0.02693529446335493,1.9763648140528371
drop_sleeves_investment,8.0,False,0.5641754846800883,0.9151234049444905,0.6390658931142962,0.9714060436902302,8.0,0.010750302536464062,2.3110960633252997
drop_sleeves_investment,12.0,False,0.5619502956688436,0.895046951895947,0.6662658934033432,0.9644604891424583,12.0,0.005863539851518937,2.6366539917734917
drop_sleeves_investment,16.0,False,0.5660985339733314,0.8813072470316655,0.6780647389461869,0.9598157942152332,16.0,0.0036638798204555786,2.9735824925318997
drop_sleeves_investment,24.0,False,0.6114233090167251,0.8638921921428041,0.6547681756526013,0.9538566512307581,24.0,0.0017626489554700116,3.6447006893642664
drop_sleeves_investment,32.0,False,0.6462615667099395,0.8530410570960787,0.628449556051849,0.9507467659679014,32.0,0.0009866011335448726,4.318903252416778
drop_sleeves_investment,48.0,True,0.6729190190107256,0.8390593885493183,0.661693567590408,0.9547212714373826,48.0,0.00038328333746516697,5.9791953452632765
drop_sleeves_investment,64.0,False,0.6661154736850029,0.8324973602487178,0.6769824314261926,0.9751109680171794,64.0,0.00016817199625169678,8.327151192599551
drop_sleeves_investment,96.0,False,0.6106043480556766,0.8564216194148625,0.6702392457799127,1.0730457034388365,96.0,2.9478230389681892e-05,19.896503428460353
drop_sleeves_investment,118.0,False,0.5627731569500711,0.9128544479305819,0.6244577100158863,1.2302447224290587,118.0,1.463179808724925e-06,215.69125842682774
drop_sleeves_momentum,0.5,False,0.637118862945436,0.9911010783391769,0.480042442428956,0.997418320338826,0.5,0.2815854355987849,1.7380545610137592
drop_sleeves_momentum,1.0,False,0.640201434725461,0.9824918418239695,0.49880435357092184,0.9949632739371307,1.0,0.13612273432045366,1.785238927755041
drop_sleeves_momentum,2.0,False,0.6403616152857236,0.9663651002908515,0.5325928749194567,0.9904019434316236,2.0,0.0637407289653476,1.8720590303681075
drop_sleeves_momentum,4.0,False,0.630885221691074,0.9390118866904852,0.5875937589790103,0.9825449167534995,4.0,0.028151081706886384,2.0363773750820684
drop_sleeves_momentum,8.0,False,0.6173759923351273,0.9006626179195485,0.6555721256748956,0.9710272817085841,8.0,0.011246283830121677,2.3779836255503835
drop_sleeves_momentum,12.0,False,0.6111204382484007,0.8764566308277852,0.6933271452094046,0.9633295435680107,12.0,0.006138475865858831,2.7360425176623515
drop_sleeves_momentum,16.0,False,0.6061785356368998,0.8606523228726064,0.6993046676368145,0.9577229292937618,16.0,0.0038393771681911955,3.064209178140338
drop_sleeves_momentum,24.0,False,0.6127853356118693,0.8426101067647077,0.6727814813813708,0.949343611206008,24.0,0.001851770300062162,3.7248412059207023
drop_sleeves_momentum,32.0,False,0.6293984336652279,0.8332427947222292,0.6623086738148566,0.9432418347548388,32.0,0.0010395921107555584,4.3663665369410705
drop_sleeves_momentum,48.0,True,0.6529692014198433,0.8237497400448324,0.708737188607209,0.9401934947834554,48.0,0.00040667310243115815,6.02285516816804
drop_sleeves_momentum,64.0,False,0.6451587566923035,0.8213787670546786,0.72666942045926,0.9535459889110875,64.0,0.00017989670039528127,8.424175070857828
drop_sleeves_momentum,96.0,False,0.5901862206817918,0.8540192370358161,0.7149961997315746,1.036524774383909,96.0,3.217463232533291e-05,20.360749528480895
drop_sleeves_momentum,118.0,False,0.5400369355424279,0.9243220176804707,0.6529650203682645,1.166348035206868,118.0,1.6276500894735564e-06,227.4018668218324
drop_sleeves_new,0.5,False,0.6308438227222671,0.9914368191663662,0.4659802162230913,0.9975110696643905,0.5,0.26994903510308615,1.7313641574562488
drop_sleeves_new,1.0,False,0.6363100290542497,0.9831550386649133,0.48460881222195357,0.995126828615896,1.0,0.13047841643190672,1.7768745898528107
drop_sleeves_new,2.0,False,0.6386994947230243,0.9676410200816363,0.5185308386059075,0.9906617596888015,2.0,0.06108143544747509,1.8623352163275517
drop_sleeves_new,4.0,False,0.6296822526689051,0.9413274353485631,0.5671319174117234,0.9829020313359565,4.0,0.026963961374486485,2.0325899619749768
drop_sleeves_new,8.0,False,0.6218929197614781,0.9045701020067826,0.6293857730657952,0.9714887997141797,8.0,0.010762008586083328,2.382768395782799
drop_sleeves_new,12.0,False,0.6158238959864116,0.8817035477192318,0.6636033951225615,0.9639360347554627,12.0,0.0058679064536765494,2.748952264689145
drop_sleeves_new,16.0,False,0.6129920863859714,0.8671509049451752,0.6727510816536233,0.9585371254189509,16.0,0.003666153234506768,3.0829544242507465
drop_sleeves_new,24.0,False,0.6366118804277832,0.8514031095273557,0.658878272923586,0.9506648040204215,24.0,0.00176510608608198,3.7370123628714453
drop_sleeves_new,32.0,False,0.661260778073544,0.8439776692677002,0.6526352994974121,0.9450065106652923,32.0,0.000989891006782398,4.383315722155001
drop_sleeves_new,48.0,True,0.6756119605314825,0.8370003441823625,0.7021079843744793,0.9419040858333708,48.0,0.00038683574926101844,6.036889729621375
drop_sleeves_new,64.0,False,0.6617307892141043,0.8352671412808941,0.7231553653781713,0.9531440751152167,64.0,0.00017096777613874394,8.50163157078893
drop_sleeves_new,96.0,False,0.6080224658957956,0.8652349164171835,0.7178689078041083,1.025320091718186,96.0,3.04841587707657e-05,20.632434997375277
drop_sleeves_new,118.0,False,0.5618068853518913,0.9328259498806711,0.6537726009771851,1.1433602935552245,118.0,1.5371842131302702e-06,232.82347591094117
drop_sleeves_profitability,0.5,False,0.6209312076556163,0.9905333362418723,0.41257797656859585,0.997962379253388,0.5,0.2726782519523634,1.6757838340187252
drop_sleeves_profitability,1.0,False,0.6286717678947706,0.9814584049822306,0.43220700875936435,0.9960038332409733,1.0,0.13171780378512252,1.7256339818346413
drop_sleeves_profitability,2.0,False,0.6363233517541184,0.9645635799921178,0.46523314471348926,0.9923046239405166,2.0,0.06159893232106684,1.8189252409693046
drop_sleeves_profitability,4.0,False,0.6330440737825043,0.9359270304321807,0.520356520710475,0.9857528927853388,4.0,0.027153016528295968,1.997127590396326
drop_sleeves_profitability,8.0,False,0.6272678799809308,0.8956008575604761,0.5863327624532509,0.97581599972921,8.0,0.010819423019848395,2.371806924163733
drop_sleeves_profitability,12.0,False,0.6260633789059179,0.8703855560278984,0.6183137359923092,0.9690604412699058,12.0,0.00589306703519696,2.748263622344497
drop_sleeves_profitability,16.0,False,0.6306512130442518,0.8544638829555118,0.6289889673515534,0.9642397240475193,16.0,0.0036788137619925246,3.074196269329186
drop_sleeves_profitability,24.0,False,0.6633074478921888,0.8379884774056333,0.6120648944052757,0.9577059724871014,24.0,0.0017687961804281175,3.7089163434721595
drop_sleeves_profitability,32.0,False,0.6886275252002587,0.831381620606606,0.6088118137347973,0.9539526555401749,32.0,0.0009909388422922852,4.369946610468343
drop_sleeves_profitability,48.0,True,0.6994334160275344,0.8276105455926314,0.6597249387911926,0.95571283355787,48.0,0.00038675618233064725,6.026323937730185
drop_sleeves_profitability,64.0,False,0.6850644181847542,0.8297810888371566,0.6807532725515398,0.9725040323926958,64.0,0.00017081077438572866,8.350816152389884
drop_sleeves_profitability,96.0,False,0.6265536889021166,0.8704896772896755,0.6773848160754998,1.061700130063942,96.0,3.0424877420379393e-05,19.780691956416526
drop_sleeves_profitability,118.0,False,0.5760152248775541,0.9458785835835327,0.6126016184117898,1.2054307256240153,118.0,1.533181194388054e-06,216.6729633137307
drop_sleeves_trading_frictions,0.5,False,0.7054295084021087,0.9893001792841161,0.5732932128684208,0.9968198816462583,0.5,0.21307567972797484,1.6992265154434518
drop_sleeves_trading_frictions,1.0,False,0.701915272428672,0.978999494590982,0.5840099429255209,0.9939028201551527,1.0,0.10312362684478378,1.7380727489781334
drop_sleeves_trading_frictions,2.0,False,0.6938897047230602,0.95987474003058,0.5997546921615976,0.988714904380933,2.0,0.04839949798686157,1.8147022363066347
drop_sleeves_trading_frictions,4.0,False,0.678410764271188,0.9281221247605212,0.625781368575767,0.9802877970414227,4.0,0.02146882150293105,1.9904940011726828
drop_sleeves_trading_frictions,8.0,False,0.6582847453824748,0.8862582944750732,0.6636519151347513,0.9685354384858441,8.0,0.008641684647098804,2.3703198729672876
drop_sleeves_trading_frictions,12.0,False,0.666015697336317,0.862857759024957,0.6855478911997214,0.960724695566218,12.0,0.004746091095634598,2.7565497956004306
drop_sleeves_trading_frictions,16.0,False,0.6904568671643201,0.8497883412536863,0.6858277938593433,0.9548497149947873,16.0,0.0029835544134895462,3.109646416431845
drop_sleeves_trading_frictions,24.0,False,0.7313240737445975,0.8385472672565613,0.6899855476138296,0.9454648500026748,24.0,0.0014498036627591255,3.7444438421894084
drop_sleeves_trading_frictions,32.0,True,0.7468255454166449,0.8355026713521383,0.696042798080483,0.9380985664917249,32.0,0.0008179735885591353,4.421306203269856
drop_sleeves_trading_frictions,48.0,False,0.7345432515209334,0.8370353290979081,0.7370313650178515,0.9336669114897118,48.0,0.00032169660202463187,6.0231424858318645
drop_sleeves_trading_frictions,64.0,False,0.7113275529553695,0.8448540017925691,0.7348884626725949,0.9488210714215978,64.0,0.00014255160139259676,8.414932950131291
drop_sleeves_trading_frictions,96.0,False,0.6430038907685439,0.8954388009528491,0.6673824409334668,1.042946366422673,96.0,2.5408115169035087e-05,19.991418890241007
drop_sleeves_trading_frictions,118.0,False,0.5915038452435781,0.9795159441870375,0.5727684918577048,1.1803739575153118,118.0,1.275842717912823e-06,230.0247823904491
drop_sleeves_value,0.5,False,0.6085230041812312,0.9906147102524046,0.4826727032344539,0.9976445153869686,0.5,0.24599607083149114,1.76406540256231
drop_sleeves_value,1.0,True,0.6098140373064125,0.9814732137863039,0.5032503816952117,0.9953611825769676,1.0,0.11911506332623469,1.8206226232463774
drop_sleeves_value,2.0,False,0.6079072549274772,0.9642444464060136,0.5442998931484916,0.9910189617799362,2.0,0.055969352377800874,1.925055370956024
drop_sleeves_value,4.0,False,0.5994303303148265,0.9348865763712696,0.6012914139616513,0.9833277619186508,4.0,0.024889375950629622,2.104335616018197
drop_sleeves_value,8.0,False,0.5882437048829189,0.8942061278599049,0.6616631035913993,0.971840330627619,8.0,0.01006219659917266,2.4445945314095643
drop_sleeves_value,12.0,False,0.5741486590758043,0.8694812430122802,0.6835867788388879,0.964181340912022,12.0,0.005542964251208243,2.7670302740235675
drop_sleeves_value,16.0,False,0.5580721789805501,0.8540750617420265,0.6832671028547851,0.958758283670093,16.0,0.0034918858576151175,3.084359238134623
drop_sleeves_value,24.0,False,0.5421098046449618,0.837808759046484,0.6627968868361506,0.9512985648915021,24.0,0.0017017375327872393,3.693437900860795
drop_sleeves_value,32.0,False,0.5352370245004358,0.8305048750009724,0.6659603806294586,0.9467090880325537,32.0,0.0009621908945611977,4.337772043219917
drop_sleeves_value,48.0,False,0.547947157629471,0.8244129179795443,0.7179574324929613,0.9470016662244543,48.0,0.0003798646733148773,6.044014840830688
drop_sleeves_value,64.0,False,0.5457964248753976,0.8232509667441801,0.733508848095187,0.9624437146877626,64.0,0.0001689902929317363,8.387769392295326
drop_sleeves_value,96.0,False,0.5001678654595061,0.8548386629957196,0.6949031946799774,1.0477838746457762,96.0,3.0433645414113208e-05,19.84559630088519
drop_sleeves_value,118.0,False,0.45956930281380687,0.931866764040514,0.6283206672321844,1.1888675406908484,118.0,1.544898901635824e-06,219.0631543702719
drop_state_intangibles,0.5,False,0.730333344037459,0.9891119540404214,0.4361297438160769,0.9974652052485179,0.5,0.2998501702370715,1.6714401247049668
drop_state_intangibles,1.0,False,0.7815714375612091,0.9786925255359319,0.45160863818877306,0.9950492824295294,1.0,0.1443994612808047,1.7160543993042472
drop_state_intangibles,2.0,True,0.8389088539452743,0.9594698350159556,0.48164773259595656,0.9905339975262479,2.0,0.06713918597421079,1.8168637993002739
drop_state_intangibles,4.0,False,0.8106190071293733,0.9277839489944683,0.5445792004201327,0.9826547681841743,4.0,0.029296462855255945,1.9944223166926147
drop_state_intangibles,8.0,False,0.7610732758118062,0.8854462287851672,0.6281427204887788,0.9708750296449239,8.0,0.011500659402903306,2.348282193553612
drop_state_intangibles,12.0,False,0.7364637158921078,0.8600454198181833,0.6689063506711406,0.9628520614353951,12.0,0.0062047625913006985,2.69744506975176
drop_state_intangibles,16.0,False,0.7238496042653602,0.8439812541562172,0.6875098836969984,0.9569845773543186,16.0,0.0038498769645838615,3.02439210296912
drop_state_intangibles,24.0,False,0.7183209426378385,0.8258706184808159,0.670300470233687,0.9486453351538048,24.0,0.00183810071168681,3.660027998217368
drop_state_intangibles,32.0,False,0.7100518115883522,0.8161490439063616,0.6744066670040825,0.9436386671602904,32.0,0.0010251856906313267,4.368260884424414
drop_state_intangibles,48.0,False,0.7136940985736768,0.8050356644603608,0.7230355850903756,0.9452224646559694,48.0,0.00039693482399432464,6.097394641051616
drop_state_intangibles,64.0,False,0.699548518981449,0.8011409937205658,0.7363720045318891,0.963955742341641,64.0,0.00017380966623685472,8.441872871344632
drop_state_intangibles,96.0,False,0.6294840857033769,0.836072786426988,0.7188573445653821,1.0574425062630148,96.0,3.037113152062453e-05,20.256499974143075
drop_state_intangibles,118.0,False,0.5715181960602195,0.9154773576647056,0.6412395203628979,1.2015229884679541,118.0,1.5100000044714411e-06,222.79686296239447
drop_state_investment,0.5,True,0.6911741239950153,0.9902417211543726,0.4845780688177978,0.9976498468436193,0.5,0.30048053785973466,1.6913854243292388
drop_state_investment,1.0,False,0.6885720675104731,0.9807074547094293,0.505109305275187,0.9954032964478102,1.0,0.14499138619298657,1.7408541659891328
drop_state_investment,2.0,False,0.6823387129554889,0.9627561972325563,0.5401483394380927,0.9911889314016894,2.0,0.06766006248655987,1.834974192776037
drop_state_investment,4.0,False,0.67162547007583,0.932606119237905,0.5942110303828156,0.9837941212760369,4.0,0.029698916048155406,2.012058239761855
drop_state_investment,8.0,False,0.6635352808543717,0.8923004577682664,0.6595039848799114,0.9726650841199419,8.0,0.01174541282990793,2.3636300145935314
drop_state_investment,12.0,False,0.6531035486742726,0.8687081390636313,0.6818470700902867,0.9650231245464379,12.0,0.006360936740893645,2.719235044721077
drop_state_investment,16.0,False,0.6469151055920153,0.8542288633466638,0.6794527484350285,0.9593357802932746,16.0,0.003955365292648246,3.049519997309166
drop_state_investment,24.0,False,0.6504089829792356,0.8381473058831221,0.6652554766638851,0.9508305132824804,24.0,0.001894104670710917,3.7161163501026278
drop_state_investment,32.0,False,0.6658863714752873,0.8289081926523498,0.6732357243012327,0.9451004882927221,32.0,0.001059372156675965,4.4033844749794016
drop_state_investment,48.0,False,0.6795147746079965,0.816416484162725,0.7152553691677029,0.9444542966895602,48.0,0.0004127217713666586,6.1352530249908135
drop_state_investment,64.0,False,0.6605341871216628,0.8109653802018049,0.7302368831264724,0.960618556834667,64.0,0.0001820515314248728,8.493008052114131
drop_state_investment,96.0,False,0.5813353627211986,0.8434968266667265,0.7203041797304615,1.0464331045155475,96.0,3.2406391845581205e-05,20.3665302222059
drop_state_investment,118.0,False,0.5170480532216171,0.9170256434973189,0.6609170169593546,1.1835285218253246,118.0,1.6345483809774148e-06,227.01760244063743
drop_state_momentum,0.5,False,0.6436693562381144,0.9906481660129167,0.4705697328163441,0.9974177121016987,0.5,0.30075526501505706,1.688371905807816
drop_state_momentum,1.0,False,0.6467834880653556,0.9815815159355826,0.4907188158956385,0.9949532196894562,1.0,0.14525458148066608,1.7364157015881967
drop_state_momentum,2.0,False,0.6486813085849419,0.964571712040749,0.527975998552682,0.9903509850085017,2.0,0.06790156358359195,1.829826848082589
drop_state_momentum,4.0,False,0.6371055475676564,0.9357489328222165,0.5904828314600782,0.98237974303995,4.0,0.029902558458757146,1.9959771858083633
drop_state_momentum,8.0,False,0.6186031506700579,0.8958465769076845,0.6545128941555441,0.9707697611039158,8.0,0.011891919851818773,2.3423805727160514
drop_state_momentum,12.0,False,0.612762653595942,0.8713784074258563,0.6875769479624679,0.9632378351908254,12.0,0.0064673618933650525,2.703968591935332
drop_state_momentum,16.0,False,0.6145967552116518,0.8559103172969774,0.6915411637964093,0.9579729646401401,16.0,0.004032953605425159,3.0351314964588805
drop_state_momentum,24.0,False,0.6408474304602755,0.8388658047241804,0.6661164931042006,0.9505797748372393,24.0,0.0019361344010493814,3.6870464897021087
drop_state_momentum,32.0,False,0.6665164724690966,0.8300289875164367,0.6661106180703024,0.9458328643330721,32.0,0.001083186996772905,4.352696044966541
drop_state_momentum,48.0,True,0.6755332824000716,0.8198431321916547,0.7067966104535324,0.9470008208985394,48.0,0.0004214992575783002,6.032308996829917
drop_state_momentum,64.0,False,0.6617628366580761,0.8160259500061673,0.7123805519174344,0.9667084163590643,64.0,0.00018567917101184535,8.348224852576818
drop_state_momentum,96.0,False,0.5985782516179486,0.8487040109334762,0.6772102598128749,1.0707751914809867,96.0,3.2991406561170095e-05,20.09774325019223
drop_state_momentum,118.0,False,0.5513942455449831,0.9202405042268811,0.622400611495595,1.2314617417499008,118.0,1.6616911513061953e-06,226.6480725816647
drop_state_new,0.5,False,0.6401971984893915,0.9907205258558418,0.452625131845546,0.9973962854856344,0.5,0.3003328302913947,1.6740493954623037
drop_state_new,1.0,False,0.6409314271672473,0.981724258867123,0.47136564587872787,0.9948938184203254,1.0,0.1448550548094889,1.7196167668867628
drop_state_new,2.0,False,0.6414602651292464,0.9648410178457929,0.5079920612983981,0.9901739668625882,2.0,0.06754478878622412,1.8050786177584905
drop_state_new,4.0,False,0.6364802344390477,0.936144639183342,0.5751922830305872,0.9818710909150513,4.0,0.029617315740663494,1.995596334147685
drop_state_new,8.0,False,0.6368255073837856,0.8957750634139431,0.6488806275952443,0.9695685852512803,8.0,0.011702052784883432,2.371789790844864
drop_state_new,12.0,False,0.6445416409495406,0.8700456566222032,0.687429471269926,0.9614650472752507,12.0,0.006333601688484716,2.7307614693571773
drop_state_new,16.0,False,0.6517523758371719,0.8528632618627109,0.6871924081259032,0.9557100931872681,16.0,0.003934607745459996,3.061271978888348
drop_state_new,24.0,False,0.6643078777664448,0.8317769953046787,0.654490060450758,0.9474973675107632,24.0,0.001878190378529861,3.729836689749358
drop_state_new,32.0,False,0.6843187678654089,0.8184916110731427,0.6886554709062989,0.9422611826555547,32.0,0.0010463973538600588,4.425103332599139
drop_state_new,48.0,True,0.7036708015191387,0.7990256980736604,0.7426191201427604,0.9437966290518736,48.0,0.00040476269032931435,6.143108707408965
drop_state_new,64.0,False,0.6870242497682374,0.787201902398764,0.757408614130884,0.9645497738251237,64.0,0.00017756044288781906,8.527983625311691
drop_state_new,96.0,False,0.6118134859445329,0.8119409241576588,0.7203373517282212,1.064045491375348,96.0,3.138615360253403e-05,20.72282775579786
drop_state_new,118.0,False,0.5514521398368076,0.882208982638204,0.6699175645405879,1.2107865431893696,118.0,1.5790882330260757e-06,233.55094703607998
drop_state_profitability,0.5,False,0.6381806536960289,0.9905195952204433,0.460845412040375,0.997473929234652,0.5,0.30075836500747216,1.7034005732051063
drop_state_profitability,1.0,False,0.6401550847208338,0.9813219406768122,0.47932066505030996,0.99505822640454,1.0,0.14525872700712064,1.7480189262734342
drop_state_profitability,2.0,False,0.6385812602769673,0.96406799798818,0.5145068452389342,0.9905284845861795,2.0,0.06790757288656026,1.8376190075613739
drop_state_profitability,4.0,False,0.6250644049901395,0.9348623889838719,0.5796590660446841,0.9825978654156198,4.0,0.02991134899354257,2.014659908601
drop_state_profitability,8.0,False,0.6036484482066978,0.8944469296904385,0.6505638962845183,0.9707235693631342,8.0,0.011902856105870165,2.3689187818945574
drop_state_profitability,12.0,False,0.5953002634568263,0.8696949802531061,0.6872217461912605,0.9626459364017353,12.0,0.0064778257301698165,2.7358472014438417
drop_state_profitability,16.0,False,0.5965879549390305,0.8541821958227865,0.6945391933296385,0.9567163859496867,16.0,0.004042132772031303,3.0687181206114973
drop_state_profitability,24.0,False,0.6278358580425716,0.8376087165869829,0.676488541008209,0.9479727133750302,24.0,0.0019427178507563053,3.712593767760016
drop_state_profitability,32.0,False,0.6567037330047083,0.8296970846041373,0.6894108840522396,0.9420208296953442,32.0,0.001087769697742364,4.371284095608371
drop_state_profitability,48.0,True,0.6686998332184354,0.8219021088813688,0.7492411569942721,0.9411053178862607,48.0,0.0004235393170479762,6.050482579956327
drop_state_profitability,64.0,False,0.654343877981121,0.8203758781443633,0.759329903295118,0.9588303921415948,64.0,0.0001864444596180949,8.382676389927994
drop_state_profitability,96.0,False,0.6019717595020769,0.8563217790680716,0.7287931241020256,1.0561245435904727,96.0,3.301933332958911e-05,20.151630830474424
drop_state_profitability,118.0,False,0.5567603057766122,0.9333677403547705,0.6544815722146541,1.2046283916759812,118.0,1.6600538437812106e-06,224.42928945756344
drop_state_trading_frictions,0.5,False,0.6965322303232632,0.9903603660737249,0.48920030654437724,0.9975443890278684,0.5,0.30031961792098355,1.6846001741882448
drop_state_trading_frictions,1.0,False,0.6967679536751429,0.9810245995735168,0.5046811223822014,0.9951966600297179,1.0,0.14484389341108755,1.7291724171712417
drop_state_trading_frictions,2.0,False,0.6896946177329896,0.9635588593541756,0.5273503523181721,0.9907996355736808,2.0,0.06753707784372996,1.8188170294907366
drop_state_trading_frictions,4.0,False,0.6615998181869867,0.9341838385881901,0.5637581603395706,0.9831639569325247,4.0,0.02961542349607655,1.9931292302876873
drop_state_trading_frictions,8.0,False,0.6261595977449148,0.8939863365448436,0.6120916987602056,0.9721774417735656,8.0,0.011709777473781123,2.332648411805237
drop_state_trading_frictions,12.0,False,0.6175337165026784,0.8695170216556476,0.643900356807148,0.9653418538266644,12.0,0.006347414835526986,2.6783906359244556
drop_state_trading_frictions,16.0,False,0.6170531866483923,0.8540821732740383,0.6516911397024125,0.9608351808310439,16.0,0.0039512587420106144,3.0047532258354557
drop_state_trading_frictions,24.0,False,0.643639856677939,0.836992887256745,0.646647586814175,0.9551255829245014,24.0,0.0018949258425767048,3.65890665741642
drop_state_trading_frictions,32.0,False,0.6746214610322315,0.8278658210695837,0.6540885390825849,0.952343518125567,32.0,0.001060411796596423,4.351694666846923
drop_state_trading_frictions,48.0,True,0.707841990219371,0.8164339104727377,0.6997918024041957,0.9580930177873181,48.0,0.00041302498689038957,6.020315910074364
drop_state_trading_frictions,64.0,False,0.7072955965930224,0.8109572411681799,0.7028559719112776,0.9822138735746946,64.0,0.00018197767579226985,8.291945762504788
drop_state_trading_frictions,96.0,False,0.6612119952007753,0.8397636935996553,0.6737875287050057,1.0885664553624652,96.0,3.2279681829606386e-05,19.82065093861536
drop_state_trading_frictions,118.0,False,0.6152495143821224,0.9083544201797441,0.6032930528747077,1.2365781938189575,118.0,1.6237762928600362e-06,222.6854985205254
drop_state_value,0.5,False,0.6710923881660513,0.9902416748633674,0.44317525939375696,0.9976886138480372,0.5,0.30044444433771506,1.6795516382604507
drop_state_value,1.0,True,0.7036490303961785,0.9807726268639436,0.46162082442417113,0.9954846988759193,1.0,0.14496430077941244,1.7242881143796887
drop_state_value,2.0,False,0.6979714959790534,0.9630141425533888,0.4960441440732397,0.9913612964517892,2.0,0.06764890680435426,1.8184707700030438
drop_state_value,4.0,False,0.6737497819308166,0.9330246954839543,0.553485262768142,0.9841676785551728,4.0,0.029711450963466328,1.99968243064628
drop_state_value,8.0,False,0.6368708117374575,0.8916939162625047,0.615820845875179,0.9735704044810245,8.0,0.011780474846528218,2.343045545257744
drop_state_value,12.0,False,0.6285168822799693,0.866256501518081,0.6418323157583908,0.966654899310453,12.0,0.006400111825232256,2.688934781122748
drop_state_value,16.0,False,0.6344133969605161,0.8500290125619512,0.6453083741453204,0.9618507208840229,16.0,0.003991237664825439,3.020167524506679
drop_state_value,24.0,False,0.6735424737780574,0.832040012939166,0.6389658302482295,0.9553465837101062,24.0,0.0019191974987277692,3.6707403625977753
drop_state_value,32.0,False,0.693875953239247,0.8230196012243851,0.662948129106446,0.951586003839636,32.0,0.0010760474422715468,4.3409641920396655
drop_state_value,48.0,False,0.684676148413649,0.8142074803707685,0.7270220116569222,0.9540728528979625,48.0,0.00042027781337039273,6.0410302548789865
drop_state_value,64.0,False,0.6621817341905384,0.8128294555584687,0.7482652338083754,0.9725211415753884,64.0,0.00018557393486133553,8.414833935121589
drop_state_value,96.0,False,0.6041825138485307,0.848396241858254,0.7440169938931722,1.0625582405393097,96.0,3.304870401027947e-05,20.3531201374324
drop_state_value,118.0,False,0.5646750208172082,0.9182384608792418,0.6810857840579254,1.202766365193115,118.0,1.667086064432058e-06,226.77987245697327
drop_state_all_mean_predictors,0.5,False,0.9221060282265874,0.9874162065608042,0.5125099900310537,0.997222884403741,0.5,0.2961816375702216,1.5605028918985098
drop_state_all_mean_predictors,1.0,False,0.9318881374549266,0.9753862748083539,0.5427672037084574,0.9944456305969165,1.0,0.14094346730689766,1.6184995694268633
drop_state_all_mean_predictors,2.0,True,0.9423219478231948,0.9533119981916953,0.5991183413266723,0.988916634719288,2.0,0.0640795358594391,1.7260635314056318
drop_state_all_mean_predictors,4.0,False,0.938911146009842,0.9177452937814672,0.6687067961385619,0.9784846337277592,4.0,0.026895864783232745,1.9187197461913472
drop_state_all_mean_predictors,8.0,False,0.866505554329935,0.873213041265691,0.7181031256477192,0.9625761376522274,8.0,0.009962844245637766,2.2515311102485027
drop_state_all_mean_predictors,12.0,False,0.8492554064385551,0.8494640917818792,0.7528053504353596,0.9527554536216912,12.0,0.005161862809131679,2.560617568334052
drop_state_all_mean_predictors,16.0,False,0.882068771785449,0.8362433248485281,0.7659552795504444,0.9468126745463037,16.0,0.0031114306274380686,2.8670482750994934
drop_state_all_mean_predictors,24.0,False,0.90741485800192,0.8233314146044568,0.7919145361034139,0.9418393602806989,24.0,0.0014320446808221135,3.5453555563475785
drop_state_all_mean_predictors,32.0,False,0.9149138764838143,0.8171388651767751,0.8297774791698554,0.9437407329993295,32.0,0.0007815446499081146,4.243104943965443
drop_state_all_mean_predictors,48.0,False,0.9091799469656058,0.8109984063258897,0.845329093401057,0.9672296280607097,48.0,0.00029471644943538126,5.953690882748143
drop_state_all_mean_predictors,64.0,False,0.8781579940579206,0.8143163785971019,0.8166073267102706,1.017869340410088,64.0,0.00012672622106246948,8.309811645886708
drop_state_all_mean_predictors,96.0,False,0.7816241785525094,0.8771641168241007,0.724489751164892,1.2029340336052046,96.0,2.1537014288340602e-05,20.07469400598193
drop_state_all_mean_predictors,118.0,False,0.7037440471859054,0.9943321376957013,0.6291031210372888,1.4164614672761278,118.0,1.0555636982215638e-06,233.8147625013789
drop_state_all_vol_predictors,0.5,False,0.4806651671269908,0.990310444508114,0.38685804114847083,0.9978987127295917,0.5,0.2956405365165076,1.5313088507233705
drop_state_all_vol_predictors,1.0,False,0.49717099834162304,0.9803655461776991,0.4118954617123946,0.9958418100708923,1.0,0.14051804420899872,1.5947165910646688
drop_state_all_vol_predictors,2.0,False,0.5228505950868508,0.9604771326061301,0.45931990988922516,0.9918148531532675,2.0,0.06383482281280996,1.7110038534844607
drop_state_all_vol_predictors,4.0,False,0.5657336249796745,0.9243156518254011,0.5353893325025745,0.9841289946624243,4.0,0.026866243589898534,1.9092375848547276
drop_state_all_vol_predictors,8.0,False,0.6217734459943786,0.87236389571019,0.6224088992825164,0.9711148439242547,8.0,0.010084405838352396,2.318782649261669
drop_state_all_vol_predictors,12.0,False,0.6536634003145289,0.8405830696311696,0.6575643721855329,0.9614388283868891,12.0,0.005307771923269963,2.718876174291877
drop_state_all_vol_predictors,16.0,False,0.6499395417507942,0.8196821964623403,0.669394908454492,0.9542555639672322,16.0,0.003245894803448468,3.0839050400157415
drop_state_all_vol_predictors,24.0,False,0.6517610291963388,0.7914244104693514,0.7011826329366848,0.9451429440993688,24.0,0.0015262399557280691,3.7865488453625633
drop_state_all_vol_predictors,32.0,False,0.6813492491527012,0.7694847000573124,0.7391558799613502,0.9425476586469712,32.0,0.0008443362796229663,4.4434606986127445
drop_state_all_vol_predictors,48.0,False,0.7105176644907498,0.7350546840560975,0.7815691404559586,0.9598352878287167,48.0,0.0003236554914766563,5.984852436188309
drop_state_all_vol_predictors,64.0,True,0.7105785250544214,0.7197635653636998,0.7950267974301215,1.0068838353668632,64.0,0.00014071255282208315,8.123724832523479
drop_state_all_vol_predictors,96.0,False,0.6413331501190778,0.77016955749024,0.7983061145398838,1.1835314585118066,96.0,2.4341014127664838e-05,19.372534650984605
drop_state_all_vol_predictors,118.0,False,0.5814850616911099,0.8767667877307191,0.7214637574816601,1.4377366991581375,118.0,1.2043566762382916e-06,218.20973336321802
compact_top8,0.5,False,1.5280934686089922,0.9754717757898884,0.3794458547310822,0.9980414735523524,0.5,0.01752488385177607,1.6229877713852314
compact_top8,1.0,False,1.5447561926900133,0.9534346072895272,0.4037983145865142,0.9960505908805778,1.0,0.008427981891164367,1.6684022841539958
compact_top8,2.0,False,1.569425335172562,0.9163437690886608,0.44353093381276787,0.9920832370621996,2.0,0.00391296039450021,1.7415828839013494
compact_top8,4.0,True,1.583242721325889,0.8648919206373392,0.49516218536793516,0.9848236638739528,4.0,0.0017073590038662386,1.8897635266831692
compact_top8,8.0,False,1.5326567354465614,0.8143277843639168,0.5449917685246904,0.9750589157443115,8.0,0.0006713063435361897,2.1741275920126846
compact_top8,12.0,False,1.5234475183772724,0.7934107508201874,0.5525478705299657,0.971828457499097,12.0,0.00036133452090670676,2.462753162024495
compact_top8,16.0,False,1.5246954418809204,0.7840742598095026,0.5430477297304711,0.9740237172136883,16.0,0.00022255697284570536,2.7392168956889478
compact_top8,24.0,False,1.5143489165041213,0.7802807096472044,0.5022145378661149,0.990342057122848,24.0,0.00010346442939342323,3.2549502494706903
compact_top8,32.0,False,1.4935005597710798,0.7875368553834143,0.4539055486095208,1.0174492708709963,32.0,5.5599755436980455e-05,3.7770064939763044
compact_top8,48.0,False,1.4303636121766794,0.8269929885840983,0.358590553132629,1.0923847309823171,48.0,1.961015879977666e-05,4.979517585514664
compact_top8,64.0,False,1.355867310213154,0.8956291427085223,0.32814579121217685,1.19511608861985,64.0,7.66824173130719e-06,6.562882349104138
compact_top8,96.0,False,1.2069279057255058,1.1369840190499327,0.2969890046176598,1.5867944728154426,96.0,9.798469275833552e-07,13.994883041129068
compact_top8,118.0,False,1.0797641604908073,1.525274712619879,0.12901154195887796,2.25317422505583,118.0,3.248717954165843e-08,125.5127639952048
compact_top16,0.5,False,1.2995367481336002,0.9807487943025822,0.5222462750784524,0.9981012850359547,0.5,0.04163680145009345,1.5805392934707585
compact_top16,1.0,False,1.3077269526766286,0.9632644052560008,0.5375571341164429,0.9961564109388745,1.0,0.020082771243978177,1.646458459229241
compact_top16,2.0,False,1.320299614835888,0.9328268503764292,0.5637316040113742,0.9921766257412439,2.0,0.009373734418777768,1.776919896044944
compact_top16,4.0,False,1.3371982592738476,0.8862756991172648,0.6060352177246809,0.9842346203247129,4.0,0.004127233638245608,2.000030954269848
compact_top16,8.0,False,1.362127542369282,0.830371530175654,0.6605397184401985,0.970425037894832,8.0,0.0016475658775478717,2.378745885317765
compact_top16,12.0,False,1.3864248640033376,0.8014082323233112,0.6897839876900442,0.9608353453471817,12.0,0.0008992985478494184,2.6877227305737947
compact_top16,16.0,False,1.4059947499155379,0.7854771884391637,0.7062500708287229,0.9555967224007827,16.0,0.0005616732151417007,2.96079377115261
compact_top16,24.0,True,1.418959047249093,0.7701886834293449,0.7122625470270338,0.9563483058585317,24.0,0.0002687005061564749,3.499271334098423
compact_top16,32.0,False,1.4044490683556596,0.7636417602339047,0.6978574976682823,0.9689363384754833,32.0,0.00014873090417679915,4.042086612797547
compact_top16,48.0,False,1.3513555961506694,0.7632077022428372,0.6452100550447704,1.0200910843324378,48.0,5.5798182802504366e-05,5.304897184251862
compact_top16,64.0,False,1.2978519003151816,0.7804303253395868,0.6023347376102943,1.0983691962464919,64.0,2.331243509612101e-05,7.016710938058985
compact_top16,96.0,False,1.2046979836517957,0.8667189358058472,0.5470648517141717,1.334668732387457,96.0,3.5216360218243147e-06,15.545972048089869
compact_top16,118.0,False,1.1322055385883183,0.9525344121865459,0.4665600539205412,1.6763772468616724,118.0,1.4463571819881455e-07,139.37291973835653
compact_top32,0.5,False,1.1906453399820391,0.981383455924458,0.5516738470585519,0.9976425434414045,0.5,0.0798539240021844,1.499907730888882
compact_top32,1.0,False,1.1990576102864332,0.9644255197032983,0.5708950779429706,0.9954448220827343,1.0,0.03842069184792679,1.5534375279897992
compact_top32,2.0,False,1.2128928434447446,0.9347026287191543,0.5992406891801372,0.9914158282446744,2.0,0.01785782310205535,1.6615976976378937
compact_top32,4.0,False,1.234461890213546,0.8884390131098298,0.6319592376248451,0.9844808235467322,4.0,0.007815525616930101,1.8932567477868585
compact_top32,8.0,False,1.2757227120639703,0.8305185592566834,0.6362009109247175,0.9741123969837783,8.0,0.003100505314055372,2.3030049147405585
compact_top32,12.0,False,1.3083521052161027,0.7985803433320396,0.6312382611974896,0.9674301418788221,12.0,0.0016890761477724784,2.6730517015723336
compact_top32,16.0,False,1.3326655422183138,0.7799095379584661,0.6269560581624406,0.9636934097085588,16.0,0.0010556226878864837,2.985984144565954
compact_top32,24.0,False,1.3718422233532797,0.76035880980141,0.6345876364188329,0.9632564206288666,24.0,0.0005081175681192746,3.578784600652539
compact_top32,32.0,True,1.390987774077875,0.7503160173821447,0.6367613974364392,0.9700507613609777,32.0,0.00028406308923254755,4.186434752694009
compact_top32,48.0,False,1.3906579277494815,0.7419760539983211,0.6474211571374715,0.9975304962988746,48.0,0.00010924137633849072,5.683307253519814
compact_top32,64.0,False,1.3585856883610932,0.7508378057164556,0.6664425984360357,1.034631012095227,64.0,4.689515343146337e-05,7.740106941016697
compact_top32,96.0,False,1.2287623744562095,0.838089487104831,0.7512040048654312,1.1399901766585012,96.0,7.546408918451327e-06,17.394845819705637
compact_top32,118.0,False,1.0827428579098628,0.9614772806873833,0.7584264427792483,1.3433750783027156,118.0,3.380854624251649e-07,169.56972317489897
compact_top64,0.5,False,1.124123934894866,0.9836332272565668,0.6206231963659999,0.997018653373111,0.5,0.1151607218065538,1.6856720493542638
compact_top64,1.0,False,1.1245341335499155,0.9685851489224505,0.6368226179607837,0.994230299777067,1.0,0.055614995597531774,1.7312453263199905
compact_top64,2.0,False,1.1230882637926367,0.9419601472740643,0.6638851438061341,0.9891212818301398,2.0,0.026022718584836714,1.8336879658991891
compact_top64,4.0,False,1.120283993925114,0.9000377436160371,0.6978926433596597,0.9803955288306648,4.0,0.011513081686995467,2.021409972305743
compact_top64,8.0,False,1.1270190084747973,0.8467632758705317,0.721975786001793,0.9675275551493998,8.0,0.004639342100853263,2.389396834248297
compact_top64,12.0,False,1.139425353511352,0.8166189876910264,0.7190027914300375,0.9590565942182862,12.0,0.0025564784459158486,2.7399968500393
compact_top64,16.0,False,1.1574642295983522,0.7982194667912735,0.7280733913610982,0.9535587076854274,16.0,0.001612456359915883,3.0703358413735478
compact_top64,24.0,False,1.1877129644334887,0.7771289254533637,0.7401520809410286,0.94844579799557,24.0,0.0007875949606267599,3.6759389455515024
compact_top64,32.0,True,1.2036932122324684,0.764621997058288,0.7397415177903509,0.9489401006348863,32.0,0.00044572025139709984,4.313808866495964
compact_top64,48.0,False,1.1955674577226532,0.7501301665110119,0.7492649400115892,0.9629918546262111,48.0,0.00017538506861350324,5.888665709482201
compact_top64,64.0,False,1.1563616851949827,0.748682697876747,0.7381168471594057,0.991147894020072,64.0,7.723472174399915e-05,8.069583147278458
compact_top64,96.0,False,1.0219036388501874,0.7999089294324492,0.7148019270996848,1.083189381195091,96.0,1.3333499035716206e-05,18.314058282377957
compact_top64,118.0,False,0.936519310555802,0.8835833745152895,0.6538868701382133,1.2171659664039365,118.0,6.411333076651373e-07,177.760489287086
standalone_top16,0.5,False,1.6688587510718926,0.9642412746938227,0.6469711707773529,0.9976107953518056,0.5,0.01230232324023172,2.053033407981114
standalone_top16,1.0,False,1.6825408069930499,0.9344916076551681,0.6612437712057749,0.9952268556429585,1.0,0.005990007978187751,2.0824941733785858
standalone_top16,2.0,False,1.7024956651796597,0.8882601889016755,0.6865545079306451,0.990485400776236,2.0,0.0028435115458246463,2.1411805570585214
standalone_top16,4.0,True,1.7226233960819233,0.8289976052399339,0.7270504072770627,0.9813186505262261,4.0,0.0012871298635737656,2.2618088380079975
standalone_top16,8.0,False,1.7175027862454413,0.77276883906559,0.7749341196025382,0.9658092415067727,8.0,0.0005351170474796015,2.5031568366154757
standalone_top16,12.0,False,1.6863699587783496,0.7506673334612218,0.801650158497182,0.9551860208447517,12.0,0.0003010954308322911,2.76418169347491
standalone_top16,16.0,False,1.6457802814448987,0.7430038874322811,0.8171800503760671,0.9490726542145139,16.0,0.00019272854578461068,3.028415965203532
standalone_top16,24.0,False,1.5712916668269548,0.7474787296023038,0.8326595787751437,0.9469948467137388,24.0,9.57483481429366e-05,3.562614454741847
standalone_top16,32.0,False,1.5116019474569093,0.7648096593219199,0.8374175707739984,0.954664173884952,32.0,5.4517730779771806e-05,4.0828709496973605
standalone_top16,48.0,False,1.3814689098209998,0.8159006283229184,0.8189334667783226,0.9927885366106628,48.0,2.136649189911201e-05,5.334501768228311
standalone_top16,64.0,False,1.2630706529848723,0.8796644446937693,0.7866455117027866,1.059540271763093,64.0,9.272528370973893e-06,6.986492803796959
standalone_top16,96.0,False,1.0997671413976766,1.0679501406032565,0.7002164798454917,1.294653299524941,96.0,1.5202547949920674e-06,16.269134166496187
standalone_top16,118.0,False,0.9881804250647499,1.3174436523613466,0.6526170221246785,1.5930721046914913,118.0,6.944914979296984e-08,176.00161023970696
published_by2004,0.5,False,0.7167124658499299,0.9901539334689478,0.48097081572815503,0.9980351848972338,0.5,0.12305471994021894,1.5643652837704431
published_by2004,1.0,False,0.7253523430181711,0.9811743074157727,0.4974312950849941,0.9961690416326144,1.0,0.059490408922052554,1.6301495517919546
published_by2004,2.0,False,0.7357268776182837,0.9653236076046774,0.5269777675227018,0.9927008089322594,2.0,0.027875529443272425,1.75520158709817
published_by2004,4.0,False,0.7489019133561329,0.9397562043213761,0.5705806548829263,0.9867086848618626,4.0,0.01234587847430219,1.9379844608798742
published_by2004,8.0,False,0.7592502901904711,0.9033610290137192,0.6247452095889957,0.9779077658472657,8.0,0.004972943793398424,2.273395261838397
published_by2004,12.0,False,0.7606132146798551,0.8786166079238311,0.6340193530310553,0.9723113702472098,12.0,0.002738383273483499,2.641341685183278
published_by2004,16.0,False,0.7591528062990136,0.8613944316320566,0.6203682985866161,0.9689712907266261,16.0,0.0017265973776879695,2.9747376034979536
published_by2004,24.0,False,0.7676172648072808,0.8411585139423554,0.5826006093020258,0.9670198946828735,24.0,0.0008431580148127359,3.6249844849830186
published_by2004,32.0,True,0.7681262399216475,0.8320057208942279,0.568274393910577,0.969947805067359,32.0,0.0004769696825950078,4.313294695859968
published_by2004,48.0,False,0.7501205038075202,0.8295848658102398,0.5821751483249233,0.9888252317814873,48.0,0.00018741808326591162,5.875139454138951
published_by2004,64.0,False,0.7162667999062027,0.8398363501202074,0.5973040892771234,1.0247173559473317,64.0,8.244575132386387e-05,8.03084107831584
published_by2004,96.0,False,0.6181447223639608,0.9001520536256358,0.5660570974487477,1.1529474077620339,96.0,1.4257552674922182e-05,18.615281837780767
published_by2004,118.0,False,0.5396760595112785,0.9801888028210595,0.5085574766287393,1.31918681738624,118.0,6.913887330136202e-07,198.48416551991593
finance_prior,0.5,False,1.0171949527420634,0.9875871049782593,0.2734645764841157,0.9984069954970162,0.5,0.032962033853927535,1.4204556123526864
finance_prior,1.0,False,1.040678017731967,0.9757566316688149,0.29444542056718387,0.9968451554581318,1.0,0.01577548902492903,1.4687487378817718
finance_prior,2.0,False,1.05256165611475,0.9541408931151222,0.3325895874810939,0.9937916129194482,2.0,0.007250448250318469,1.5599353781424492
finance_prior,4.0,True,1.0539868708779738,0.9195585352974499,0.39323144091369017,0.9881824680465038,4.0,0.0030984239829571487,1.740881114807531
finance_prior,8.0,False,1.0412375375201075,0.8778676261161604,0.467162047522572,0.9804194284808802,8.0,0.0011705498423594705,2.062746560599594
finance_prior,12.0,False,1.030267951560143,0.8582727214823517,0.5138028835783607,0.9772668754120429,12.0,0.0006083100192937469,2.3416442500489616
finance_prior,16.0,False,1.0195216425287386,0.8499354252315164,0.5458563227769792,0.977396382467582,16.0,0.00036389275753430063,2.6054941920171313
finance_prior,24.0,False,0.9860476660894724,0.8474160051951382,0.5744693401291896,0.9841804765620812,24.0,0.00016214101820334254,3.1765551567539965
finance_prior,32.0,False,0.9548757346539763,0.8516243445537603,0.5971992707116285,0.9981303603472852,32.0,8.472134985541834e-05,3.8070966429189594
finance_prior,48.0,False,0.8986565045746412,0.8681819814356226,0.6454605590707109,1.0496496072770058,48.0,2.8811963822778643e-05,5.046294135312937
finance_prior,64.0,False,0.8313748882916813,0.9081631203757818,0.6619766908943729,1.1423317349315274,64.0,1.099848325675664e-05,6.569946082796976
finance_prior,96.0,False,0.664255590574446,1.176540535441266,0.5862150313352179,1.5184297842325751,96.0,1.4216059353353455e-06,14.702078338790109
finance_prior,118.0,False,0.565788099135311,1.6863814297505961,0.5208487302943026,2.0681758625041042,118.0,5.412522082903126e-08,144.74231827434596
drop_feature_ret_12_7,0.5,False,0.6139144528646294,0.9912163846097655,0.4731249389098465,0.9975036247434491,0.5,0.29850130787219764,1.713105040107184
drop_feature_ret_12_7,1.0,False,0.616355340118171,0.982753683633652,0.49145120961561845,0.9951277728765451,1.0,0.14431160057961093,1.7594190627042265
drop_feature_ret_12_7,2.0,False,0.616350141357809,0.966971754436251,0.5251146137351067,0.9907055813787343,2.0,0.06759037749198053,1.8479577279822945
drop_feature_ret_12_7,4.0,False,0.6068746976592247,0.9403449153849375,0.5798370302100301,0.9830667998491398,4.0,0.029868454867282346,2.015975248563847
drop_feature_ret_12_7,8.0,False,0.5932923670752761,0.9032958295174189,0.6427790586325436,0.9718615232021569,8.0,0.011945333026557488,2.3633395083099136
drop_feature_ret_12_7,12.0,False,0.5853732474793429,0.8802200764232708,0.6759940596220021,0.9644079814321204,12.0,0.006524610725549918,2.729792424684911
drop_feature_ret_12_7,16.0,False,0.5819277301911665,0.8654326748787103,0.6840939929479637,0.9590243065985985,16.0,0.004082464954863573,3.060374027989306
drop_feature_ret_12_7,24.0,False,0.6052377201949496,0.8491068057175414,0.6616271436795751,0.9510759977872216,24.0,0.001969653226633772,3.7169456586223206
drop_feature_ret_12_7,32.0,False,0.631960963231696,0.8410061175741438,0.6536414063741667,0.9453657249734702,32.0,0.001105892751938858,4.36333570629136
drop_feature_ret_12_7,48.0,True,0.6458267592218606,0.8327928654420039,0.7067294826543138,0.9426594385840404,48.0,0.00043253744895079975,6.013791327972358
drop_feature_ret_12_7,64.0,False,0.6328414151031919,0.8303819596032546,0.7219369504411949,0.9552925102023565,64.0,0.00019121073921262824,8.444195892614498
drop_feature_ret_12_7,96.0,False,0.5770459579970003,0.8603222702998986,0.7082101845267006,1.0341018209536073,96.0,3.4138319441499664e-05,20.4401706804453
drop_feature_ret_12_7,118.0,False,0.5286074129699582,0.926290333430906,0.6447863206446106,1.1608476909425345,118.0,1.7254483373112953e-06,227.0989784136254
drop_feature_resff3_12_1,0.5,False,0.6086700945396517,0.9911324198694718,0.4768206731409378,0.9975029481610737,0.5,0.29979626319336844,1.715022469190974
drop_feature_resff3_12_1,1.0,False,0.6109173287864978,0.9825720268181805,0.49527260245899607,0.9951297271952536,1.0,0.1449452760704785,1.7642996350851123
drop_feature_resff3_12_1,2.0,False,0.610309147330754,0.9665747441816018,0.5286189358525188,0.9907200350930375,2.0,0.0678934888154534,1.8555710716081475
drop_feature_resff3_12_1,4.0,False,0.6005590854608732,0.9395126447336373,0.5821157284363497,0.983121490893409,4.0,0.030006930020027616,2.019270386586501
drop_feature_resff3_12_1,8.0,False,0.5880633614538389,0.9017464371482969,0.6458166298956362,0.9720074381774179,8.0,0.012003481155004407,2.3607413658568017
drop_feature_resff3_12_1,12.0,False,0.581914154270026,0.8781613629629405,0.6797115364738704,0.9646356286220549,12.0,0.00655759428353346,2.7279309072287155
drop_feature_resff3_12_1,16.0,False,0.580319008538452,0.8630159052642247,0.6887675506694451,0.9593281013250624,16.0,0.004103735344057551,3.0532865881242026
drop_feature_resff3_12_1,24.0,False,0.6088299369407016,0.8463006950996798,0.6656001585714891,0.9515679236915053,24.0,0.0019803599126812666,3.7132925641955694
drop_feature_resff3_12_1,32.0,False,0.6372103544116559,0.838131458262694,0.6553997661281582,0.9461801962234185,32.0,0.0011120796875048928,4.362272804513585
drop_feature_resff3_12_1,48.0,True,0.6533739357212819,0.8303399586023325,0.7048118506537417,0.9447175976640895,48.0,0.0004350867826088005,6.021695979122555
drop_feature_resff3_12_1,64.0,False,0.6428125667084094,0.8286638405506844,0.7184136582115012,0.959183409087002,64.0,0.0001924054220340298,8.440037221721894
drop_feature_resff3_12_1,96.0,False,0.588197857762617,0.8602564829937482,0.7024618256212509,1.0413724198729284,96.0,3.4380298598547356e-05,20.405094022566885
drop_feature_resff3_12_1,118.0,False,0.5409155200007124,0.9280590711356654,0.6367348554278927,1.1704090537434737,118.0,1.7388330531438403e-06,226.7403073606817
drop_feature_ival_me,0.5,False,0.62558432193099,0.99088722806454,0.4767812173263211,0.9975020440053225,0.5,0.29947216305801266,1.7240845519065267
drop_feature_ival_me,1.0,False,0.6283745927691821,0.9820841589553527,0.4944806618931678,0.9951263760668113,1.0,0.1448097779223233,1.7689441201557343
drop_feature_ival_me,2.0,False,0.6279125479569666,0.9656301543274619,0.5271815797224968,0.9907102205049448,2.0,0.06784822004477799,1.8616067151192135
drop_feature_ival_me,4.0,False,0.6164401891274516,0.9378360000934564,0.579920385848614,0.9831032062391268,4.0,0.030000219127900695,2.023951379566616
drop_feature_ival_me,8.0,False,0.6037777028065847,0.8993136649629478,0.6403225340707469,0.9720100976670288,8.0,0.012008017552461397,2.3650745108190385
drop_feature_ival_me,12.0,False,0.5965278625748522,0.8755554765491733,0.6722629719373495,0.9647055258928036,12.0,0.006562464532945454,2.7311846634671495
drop_feature_ival_me,16.0,False,0.593498005464513,0.860476492218258,0.6805680720268015,0.9594984359478854,16.0,0.004107717294624148,3.0562856277467736
drop_feature_ival_me,24.0,False,0.6157844771447039,0.8439922616678501,0.6580861488548513,0.9519867363120419,24.0,0.0019827413107286196,3.7122659969992347
drop_feature_ival_me,32.0,False,0.6416028887723538,0.8358789399509015,0.64873403957957,0.9468377172422142,32.0,0.001113509840300498,4.3534774975734605
drop_feature_ival_me,48.0,True,0.6565348787834805,0.8276440689717084,0.6963610163103309,0.9456371494158449,48.0,0.00043564644148080757,6.001945148578237
drop_feature_ival_me,64.0,False,0.6441086661399906,0.825127447612496,0.7074632211610944,0.9601348081995333,64.0,0.00019264302033923607,8.431666054104284
drop_feature_ival_me,96.0,False,0.5874552246894742,0.8556905842338863,0.6879542231539874,1.0433214140558282,96.0,3.442260304414024e-05,20.38676857203142
drop_feature_ival_me,118.0,False,0.539692478212482,0.926110489508981,0.6225119841079091,1.1752291769040548,118.0,1.740858449015557e-06,225.9212792772144
drop_feature_eq_dur,0.5,False,0.6254784117856355,0.9908689626882631,0.4785271585500572,0.9975234591501012,0.5,0.2983229074462933,1.7305354014977623
drop_feature_eq_dur,1.0,False,0.6277771140908174,0.9820454915014822,0.49644474829560703,0.9951632893387319,1.0,0.1442597211961989,1.7701496592421844
drop_feature_eq_dur,2.0,False,0.6273138522848222,0.9655420644668001,0.5294498252564364,0.9907634351669478,2.0,0.0675964024488952,1.862203753996832
drop_feature_eq_dur,4.0,False,0.6166742314571307,0.9376136965556117,0.5827565100427531,0.983149749773619,4.0,0.02989452218209871,2.028502339230811
drop_feature_eq_dur,8.0,False,0.6048859703527482,0.8987534892551453,0.6439343009899878,0.9719765223814512,8.0,0.01197006377660067,2.3714266808105364
drop_feature_eq_dur,12.0,False,0.5980902653595473,0.8746528275940348,0.6768190397345502,0.9645703256168989,12.0,0.006543820967170109,2.7348387306373074
drop_feature_eq_dur,16.0,False,0.5954820927886504,0.8592616564779438,0.6850030368747645,0.9592646892550858,16.0,0.004097223315445941,3.058991992376199
drop_feature_eq_dur,24.0,False,0.6182035571328638,0.8422715983824671,0.66277872547297,0.9515846800472216,24.0,0.001978673755072645,3.714101294232425
drop_feature_eq_dur,32.0,False,0.6443788520516839,0.8337986485785028,0.6546433448842393,0.9463073464674164,32.0,0.001111705939066281,4.355961710448508
drop_feature_eq_dur,48.0,True,0.6585780339847216,0.8251361024505497,0.7037393335879267,0.9449240533107721,48.0,0.0004352411903509065,6.004768566745028
drop_feature_eq_dur,64.0,False,0.6461032602747014,0.8223740807545871,0.7149494507648033,0.959225186784936,64.0,0.0001925579355297548,8.433218848152094
drop_feature_eq_dur,96.0,False,0.5886218224629626,0.8519967767300743,0.6961886123321002,1.0414871112980935,96.0,3.442210640841818e-05,20.38074052756192
drop_feature_eq_dur,118.0,False,0.5397348510236659,0.919451330405013,0.6311215090779482,1.1721349424764598,118.0,1.7411684701401225e-06,226.58382085784712
drop_feature_fcf_me,0.5,False,0.6160988004635367,0.9910842311555759,0.4709300336800432,0.9975201039303473,0.5,0.29911339687984817,1.7131956943828965
drop_feature_fcf_me,1.0,False,0.6190264387735781,0.982469474530826,0.48916035993697377,0.9951649953742082,1.0,0.14462503384754918,1.7599006477959864
drop_feature_fcf_me,2.0,False,0.6184030774748331,0.9663491347615356,0.5217781102488475,0.9907943793961452,2.0,0.06775318291236285,1.849484241184506
drop_feature_fcf_me,4.0,False,0.6067887541738569,0.939001545341188,0.5737804589827773,0.9832818609964502,4.0,0.029953549605505742,2.0152366271827553
drop_feature_fcf_me,8.0,False,0.5951325589570213,0.9006230256323167,0.6361334910803298,0.9723398198590744,8.0,0.011988180197937057,2.360621382404012
drop_feature_fcf_me,12.0,False,0.5895546980619223,0.876484821994034,0.6688079527932556,0.9651193904366794,12.0,0.006551788330312047,2.7225398157722505
drop_feature_fcf_me,16.0,False,0.5888866969076952,0.8608777736487745,0.6774142523375087,0.9599470073659389,16.0,0.004101336067178839,3.0534101192397145
drop_feature_fcf_me,24.0,False,0.6182694174736124,0.8434788250937068,0.6557006743122765,0.9524257125294091,24.0,0.001980066038865148,3.7156782151550987
drop_feature_fcf_me,32.0,False,0.6457700764841996,0.834844642856846,0.6481782175921473,0.9472244537959863,32.0,0.0011122576014668015,4.36112965439151
drop_feature_fcf_me,48.0,True,0.6592677374269656,0.8264027009908527,0.6990524325718345,0.9458808519618149,48.0,0.0004353355847135031,6.021230061206207
drop_feature_fcf_me,64.0,False,0.6472345465186303,0.8241475402670075,0.7121622771416936,0.9601162164412138,64.0,0.00019256370021349272,8.423787693396404
drop_feature_fcf_me,96.0,False,0.5894062436316041,0.8549776138692787,0.69522722801971,1.0417751734691993,96.0,3.441573304798897e-05,20.35638168092547
drop_feature_fcf_me,118.0,False,0.5402351794905987,0.9243292451351529,0.6313216649245275,1.171399737038146,118.0,1.740372558121816e-06,226.010849261389
drop_feature_ebitda_mev,0.5,False,0.6275868094999166,0.9909135200404402,0.47114625081691286,0.9975265142692923,0.5,0.2967596705058619,1.7255125039343289
drop_feature_ebitda_mev,1.0,False,0.6302153869030082,0.9821159556449247,0.48864210246607437,0.9951724614266305,1.0,0.14351722991713042,1.7706448766572156
drop_feature_ebitda_mev,2.0,False,0.629837730121412,0.9656251277474084,0.5213406242000936,0.9907929814356065,2.0,0.06726104754325826,1.8599761191862512
drop_feature_ebitda_mev,4.0,False,0.6189481804731719,0.9376351944182434,0.5723309294060706,0.983245090934174,4.0,0.029757007976766187,2.0292337103861584
drop_feature_ebitda_mev,8.0,False,0.6072741985164152,0.8985306392767806,0.6324153972681005,0.9722581625486675,8.0,0.011922724336254577,2.3715541829215154
drop_feature_ebitda_mev,12.0,False,0.6003481172092928,0.8741537334256541,0.6644366687243203,0.9650663970478418,12.0,0.0065213552123585235,2.730304187403292
drop_feature_ebitda_mev,16.0,False,0.5975644084246745,0.8585037856243685,0.6729490608824471,0.9599823983890653,16.0,0.004084818571918285,3.0570119127552067
drop_feature_ebitda_mev,24.0,False,0.6179231462772402,0.8411122807841224,0.6539205583462462,0.9527299978186125,24.0,0.0019737692854464393,3.7034611729340585
drop_feature_ebitda_mev,32.0,False,0.6443102405207611,0.8323957038569577,0.6481699882778754,0.947806082191902,32.0,0.0011093225429582342,4.346484621479789
drop_feature_ebitda_mev,48.0,True,0.6595317733589987,0.8235295834985105,0.6936546764821804,0.9467470089756836,48.0,0.00043447613236669025,6.016515032506542
drop_feature_ebitda_mev,64.0,False,0.6473550134950365,0.8207010703653442,0.7065896249984166,0.9608793044844431,64.0,0.00019226737472103324,8.439451218139887
drop_feature_ebitda_mev,96.0,False,0.5896042195075717,0.8501039636969284,0.6890276272009171,1.0420918394493897,96.0,3.438772639195991e-05,20.29993805479919
drop_feature_ebitda_mev,118.0,False,0.5403551916367941,0.9166312245256819,0.62445906851927,1.1723794694274627,118.0,1.7398654021671718e-06,223.39697574496873
drop_feature_rd_me,0.5,False,0.6317407039709148,0.9908783630357177,0.46770780664337314,0.9975455299065422,0.5,0.29898782994359746,1.6945917659689744
drop_feature_rd_me,1.0,False,0.6348492160321747,0.9820773112077015,0.4855096647401409,0.9952201916627419,1.0,0.1445385555342516,1.7391027209138228
drop_feature_rd_me,2.0,False,0.6347944333980927,0.9656497547572694,0.5173265285144544,0.9909156876034969,2.0,0.06768893086109896,1.826484631941247
drop_feature_rd_me,4.0,False,0.6234771618177348,0.9379425105072532,0.5701896957150592,0.983542064292862,4.0,0.029905455480863753,1.989392405423277
drop_feature_rd_me,8.0,False,0.6088140324924647,0.8994786459822206,0.6325265652854979,0.9728713605965853,8.0,0.011955695864111333,2.339573085145741
drop_feature_rd_me,12.0,False,0.6000655062680972,0.8755297468982509,0.6646108997537441,0.9658965864157174,12.0,0.006528313756760001,2.706637134435721
drop_feature_rd_me,16.0,False,0.5962982902722654,0.860093772142983,0.6727843374494386,0.9609279467968209,16.0,0.004083708872157503,3.0327947992356465
drop_feature_rd_me,24.0,False,0.6196834502324884,0.842709939675306,0.6498064575043341,0.9536740987806169,24.0,0.001969357094844307,3.6995669557370867
drop_feature_rd_me,32.0,False,0.6459295993225677,0.8336798555244312,0.6413123694780023,0.9485907503802884,32.0,0.0011053488527632104,4.3518911083944145
drop_feature_rd_me,48.0,True,0.6596048226517215,0.823932145451762,0.6906572293002952,0.9472601138335379,48.0,0.00043219101784715134,6.037816039668186
drop_feature_rd_me,64.0,False,0.6452403202515583,0.8204785048509273,0.7062634898638169,0.9614133241768996,64.0,0.00019106053560844535,8.451685548536945
drop_feature_rd_me,96.0,False,0.5856849318377247,0.849111659629192,0.6936012163115981,1.043171834341028,96.0,3.412654345805317e-05,20.444075422406993
drop_feature_rd_me,118.0,False,0.5361051245450861,0.9148309355490905,0.6306208874901025,1.1736981147162442,118.0,1.7260285196310786e-06,226.47698278342733
drop_feature_seas_2_5an,0.5,False,0.6242401669427343,0.9909649890811558,0.4776614965426248,0.9974973001309925,0.5,0.30024659194911674,1.7141365511237499
drop_feature_seas_2_5an,1.0,False,0.6269510160159135,0.9822430453984773,0.4958253617996904,0.995117045731107,1.0,0.14515873429679702,1.7636329910119173
drop_feature_seas_2_5an,2.0,False,0.6266452804142925,0.9659468437536556,0.5288273250679574,0.9906905956893741,2.0,0.06798952724771185,1.855059741732112
drop_feature_seas_2_5an,4.0,False,0.6159665344550512,0.9384069016105999,0.581903486642581,0.9830564775036621,4.0,0.030045790797201596,2.017777365587837
drop_feature_seas_2_5an,8.0,False,0.6035021904240299,0.9001460611086273,0.6436188093135914,0.9718976950436093,8.0,0.012015680735256922,2.3599498638897067
drop_feature_seas_2_5an,12.0,False,0.5969295830798037,0.8764859846908806,0.6761587981538256,0.9645292096632143,12.0,0.006562047879297543,2.726848529764122
drop_feature_seas_2_5an,16.0,False,0.5950659116125974,0.8614683357262809,0.6847058522154772,0.959267072253338,16.0,0.0041049800129309465,3.049915251696909
drop_feature_seas_2_5an,24.0,False,0.6207294726731581,0.8451228862014281,0.6600676668456387,0.9516902361118769,24.0,0.001979402529980374,3.715752984236347
drop_feature_seas_2_5an,32.0,False,0.647216389002525,0.83713345617095,0.6498889743710441,0.9465483131065943,32.0,0.0011106884249137857,4.35451617848782
drop_feature_seas_2_5an,48.0,True,0.660805633727324,0.8288447804058797,0.6959345050830821,0.9454574232818871,48.0,0.00043391150474699343,6.01624317084598
drop_feature_seas_2_5an,64.0,False,0.6480237638286008,0.8257770766618904,0.7073841831780681,0.9598159801026857,64.0,0.00019161813661153104,8.447544471505156
drop_feature_seas_2_5an,96.0,False,0.5918428889638505,0.8530408071487071,0.6909804989125287,1.0407564587264613,96.0,3.415731601344392e-05,20.496212924988193
drop_feature_seas_2_5an,118.0,False,0.5451509298914697,0.9166359488583493,0.6264982110982307,1.168379927780586,118.0,1.7247249415517618e-06,227.27394358864524
drop_feature_seas_6_10an,0.5,False,0.6249771153889735,0.9909825389319061,0.4725524271276675,0.997516767756374,0.5,0.3003521769150701,1.7123339529807606
drop_feature_seas_6_10an,1.0,False,0.627641424152385,0.9822790461777013,0.49044818536248325,0.9951566121744297,1.0,0.14521461314443784,1.7611433375764811
drop_feature_seas_6_10an,2.0,False,0.627271516706376,0.9660211992830671,0.5232116286774269,0.9907719391086252,2.0,0.06801980999334312,1.8527719270230687
drop_feature_seas_6_10an,4.0,False,0.6166507319252161,0.9385497891369494,0.5754909039163872,0.9832265314219826,4.0,0.03006217348856299,2.0149613990004895
drop_feature_seas_6_10an,8.0,False,0.603375309992046,0.9003033235201197,0.6381037967864516,0.9722675295430332,8.0,0.012023899143608298,2.354702107530658
drop_feature_seas_6_10an,12.0,False,0.5962620398108741,0.8764412425613367,0.67115145943157,0.9651369174481116,12.0,0.006567059468072921,2.7153059567094164
drop_feature_seas_6_10an,16.0,False,0.5940548437488817,0.8610526363564446,0.6794757027995884,0.9601488709899184,16.0,0.004108241525256065,3.038714842725293
drop_feature_seas_6_10an,24.0,False,0.6207910737446788,0.8437768697031903,0.6561794875308717,0.953174993730903,24.0,0.001980856443406437,3.6938101745747822
drop_feature_seas_6_10an,32.0,False,0.6479215116835481,0.8349876924682437,0.646074323713136,0.9486139415820363,32.0,0.0011113111436438566,4.358423890859287
drop_feature_seas_6_10an,48.0,True,0.6618588077051918,0.8262046301119077,0.6941764161165024,0.9483849384598293,48.0,0.0004339432242488704,5.998979225842226
drop_feature_seas_6_10an,64.0,False,0.6480952715316776,0.8242148923135716,0.7067321919833387,0.9631910786343787,64.0,0.00019153936376761698,8.38175530084577
drop_feature_seas_6_10an,96.0,False,0.5885321922177166,0.8568945392788552,0.6925582163438662,1.043712796863701,96.0,3.4115018334164944e-05,20.35209432400155
drop_feature_seas_6_10an,118.0,False,0.5386980015459581,0.9243975560960124,0.6338345774395364,1.1689596051059465,118.0,1.7226267716892649e-06,227.4901914343892
drop_feature_prc,0.5,False,0.6287108094670552,0.9908429557915338,0.47153344259258084,0.9975313057415525,0.5,0.2985109852540514,1.7268728595819023
drop_feature_prc,1.0,False,0.6309459466981906,0.981989731422272,0.4893647420361083,0.9951817702367931,1.0,0.14433450137628845,1.7725277844268064
drop_feature_prc,2.0,False,0.6302239022680669,0.9654193030903391,0.5220626725808428,0.9908109340053194,2.0,0.06761534956809125,1.863232346313442
drop_feature_prc,4.0,False,0.6196387719474006,0.9373478227084141,0.5744999973379638,0.9832736233735782,4.0,0.02988855172068182,2.02534785146954
drop_feature_prc,8.0,False,0.6070644393592985,0.8982310879989617,0.6348552403991983,0.9722642131147679,8.0,0.011958111767259232,2.367326174941339
drop_feature_prc,12.0,False,0.600273868142991,0.8739630407682007,0.6677101379790359,0.9650030931283446,12.0,0.006533678149441354,2.7335769197875788
drop_feature_prc,16.0,False,0.5973834152275381,0.8584946752840565,0.6756228154579316,0.9598132322621054,16.0,0.00408932858322116,3.05823867218312
drop_feature_prc,24.0,False,0.6205171764937761,0.8415153703778409,0.6532146597914933,0.9522558650106976,24.0,0.0019739325328284726,3.714350228323235
drop_feature_prc,32.0,False,0.6471721626209698,0.8331171177060616,0.6466479369122785,0.9469583557105948,32.0,0.0011087364720038632,4.36537552725763
drop_feature_prc,48.0,True,0.6622286421176355,0.8244708274283662,0.6970372468476705,0.9452908709074719,48.0,0.0004339706695813446,6.029967750328163
drop_feature_prc,64.0,False,0.648748376195893,0.8215076723551642,0.7106603318742895,0.9592786922979614,64.0,0.0001919933117886829,8.444182474892246
drop_feature_prc,96.0,False,0.5913672590218972,0.8498817718076446,0.6935965588752007,1.0408980330176427,96.0,3.432986653026198e-05,20.367158392064276
drop_feature_prc,118.0,False,0.543290477694659,0.9148835228138611,0.6289934128302725,1.1699923010118285,118.0,1.73638821535241e-06,227.31168305143336
matern_T60,0.5,False,0.6007019098333631,0.9898569704188122,0.4878300969943243,0.9955964059364533,0.5,0.2058269838341207,2.0984636921654127
matern_T60,1.0,False,0.6184000262316566,0.9801225056147932,0.5045631595752312,0.9917092997926276,1.0,0.09790048033640665,2.161989219263082
matern_T60,2.0,False,0.6407899507598905,0.9619041450188629,0.5438611776872898,0.9850299013327178,2.0,0.04449510046865187,2.3242097720277326
matern_T60,4.0,False,0.6467473252002744,0.9314488014233827,0.6125369313645289,0.9743474274146962,4.0,0.0186717877833172,2.5963856697146204
matern_T60,8.0,False,0.6348661801154376,0.8929514512641546,0.716921881635689,0.959262553387697,8.0,0.006872514482996299,3.1747354110560204
matern_T60,12.0,False,0.6220772538583074,0.8748578654871546,0.7568128196302598,0.9504372457049726,12.0,0.0034944207915268365,3.793859786629319
matern_T60,16.0,False,0.6261342082631688,0.8680127301391674,0.7565571209646522,0.9465500499790975,16.0,0.002039047465075489,4.421710492607579
matern_T60,24.0,False,0.6597533273050163,0.8683037849460693,0.6953695880680884,0.9500801884677875,24.0,0.0008442337073727295,5.918189146749378
matern_T60,32.0,True,0.6948154722131055,0.874600495908937,0.6460460493394575,0.9658380056918637,32.0,0.0003910020216098368,8.160050556021591
matern_T60,48.0,False,0.666963040906165,0.8994481870872881,0.5760238044361566,1.0350006231943243,48.0,7.592983576660883e-05,20.121821311904206
matern_T60,59.1,False,0.6127745492094093,0.954175967491686,0.512564650325919,1.1406372807334828,59.10000000000001,3.642894022599651e-06,258.73056482969014
matern_T240,0.5,False,0.5932773773123813,0.9940585405027456,0.563542781674549,0.9990444430405921,0.5,0.3511458589821906,1.3407113462304552
matern_T240,1.0,False,0.5977602995519092,0.9881803824674572,0.5707976014682781,0.9980690502905037,1.0,0.17138100472783155,1.3783640000505728
matern_T240,2.0,False,0.6022952686665279,0.9768181573192033,0.5855557550904731,0.9960633718709423,2.0,0.08172944553233295,1.457327191049433
matern_T240,4.0,False,0.6005265323068945,0.9563470408473801,0.6175535964537717,0.9918725187917301,4.0,0.03731962627984261,1.6125909881256284
matern_T240,8.0,False,0.5916631383861295,0.9242293371601525,0.6728532514108325,0.9831009474694673,8.0,0.01578971625659861,1.8940348998363916
matern_T240,12.0,False,0.5909440247211646,0.9002800873286105,0.7198119343608591,0.974308421188181,12.0,0.00905950132025525,2.1158796559837474
matern_T240,16.0,False,0.5973577701749558,0.8813439747048724,0.7567971154256722,0.9658729427742554,16.0,0.005931535983039798,2.328492398885712
matern_T240,24.0,False,0.6048611908977434,0.852615125343806,0.8136356542768302,0.9507296981610593,24.0,0.0031160158101978174,2.725086300746348
matern_T240,32.0,False,0.6154388847942,0.8315528824084848,0.8593715503374083,0.9381661869685501,32.0,0.0019023971806937626,3.083381499830983
matern_T240,48.0,False,0.6387043988660861,0.8024465175928219,0.9210226595711656,0.9202921379304684,48.0,0.0008922125094546102,3.780206501537616
matern_T240,64.0,True,0.6445703852303732,0.7829546724102215,0.9529661821860115,0.9106614815489097,64.0,0.0004925148463324171,4.505256858987552
matern_T240,96.0,False,0.632058518624533,0.7597772140871536,0.9626879367491259,0.9109606193066131,96.0,0.00018849658191104986,6.17860597178564
matern_T240,118.0,False,0.6100712873791124,0.7530970787273003,0.9504581783795423,0.9237944994398444,118.0,0.00010591750100184896,7.646483502756548
matern_T240,236.4,False,0.47094470428945173,0.8222354519126356,0.7856909551804784,1.1893871400492737,236.40000000000003,6.555592114760892e-07,234.5115011839777
matern_rff16,0.5,False,0.433754518889765,0.9903379795333119,0.4692295789050208,0.997671402025083,0.5,0.29767918050896974,1.527869669998028
matern_rff16,1.0,False,0.46359568139646595,0.9814897812062395,0.47418834556538336,0.9955692285904627,1.0,0.14229761133134367,1.5658072937587995
matern_rff16,2.0,False,0.557753905880142,0.9658715541557685,0.4795914871821283,0.9919791454717782,2.0,0.06517550583220828,1.6594264904741174
matern_rff16,4.0,False,0.7152490700755126,0.9414179217036897,0.47839551073922415,0.986890338249004,4.0,0.027601103279771742,1.8349662894815502
matern_rff16,8.0,True,0.7537904888762896,0.9132214392517839,0.4637006535081969,0.9827131964611137,8.0,0.010268300661764675,2.1923416101768867
matern_rff16,12.0,False,0.7036279409705206,0.906353126031334,0.44373010831617865,0.9832201611365117,12.0,0.005313485869500194,2.5101984494799483
matern_rff16,16.0,False,0.6435933340061687,0.9160572249601906,0.4166320162025486,0.985967756907246,16.0,0.0031963564564470004,2.824767617709628
matern_rff16,24.0,False,0.569087580248587,0.970971341268084,0.4224759941799134,0.9941044637743882,24.0,0.0014653262654553839,3.4974427642276806
matern_rff16,32.0,False,0.5099343746466949,1.0546718820855434,0.44545856713625465,1.0047289298394657,32.0,0.0007975222755880858,4.1881028470412005
matern_rff16,48.0,False,0.4393921528421556,1.2512150161717948,0.46171663829692694,1.0393660526224122,48.0,0.0003008294477482562,5.789010607334937
matern_rff16,64.0,False,0.36598736691218425,1.4571111925834155,0.4759217665565261,1.1001113101134985,64.0,0.00013017812918160234,7.996089456754937
matern_rff16,96.0,False,0.33363598907701675,1.9934820430355573,0.5218754076565776,1.3286171571946865,96.0,2.2549314612439186e-05,20.091065787884858
matern_rff16,118.0,False,0.3749689510167811,2.604830836635483,0.43818927624051385,1.6257933071588249,118.0,1.1198704316932303e-06,231.14052465571035
matern_rff64,0.5,False,0.3204399168182339,0.9923858305833348,0.4788874660417663,0.997027335493304,0.5,0.3007230862378815,1.697778777897115
matern_rff64,1.0,False,0.33961905704803935,0.9850696578524527,0.49859644836537925,0.994236791369009,1.0,0.14520807593797463,1.7367066364660566
matern_rff64,2.0,False,0.37484058057361624,0.9714432569939078,0.5336208388784331,0.9891719467073181,2.0,0.0678295262893115,1.8175116547365382
matern_rff64,4.0,False,0.4512016975109363,0.948515797721448,0.5822945037523616,0.9809505437207845,4.0,0.02979313745433823,1.9771936906326086
matern_rff64,8.0,False,0.4696691385130458,0.9178987712657788,0.6088091646847068,0.9707542696922541,8.0,0.011752130034951165,2.315356298778469
matern_rff64,12.0,False,0.45815158301816483,0.9018818032126816,0.6009943400424329,0.966170959416482,12.0,0.006329181868013555,2.6650864517308683
matern_rff64,16.0,False,0.46944512211146755,0.8950201922631554,0.5876558284513337,0.9647807631990953,16.0,0.003908123529105267,3.0003608592395152
matern_rff64,24.0,True,0.4786658909692252,0.8953972567476042,0.5519368465701915,0.9669303331908529,24.0,0.0018437780611810092,3.6532494216132854
matern_rff64,32.0,False,0.45100034081767904,0.9042505584454187,0.5342108764932563,0.9737408427923502,32.0,0.001017803740235177,4.293253629311879
matern_rff64,48.0,False,0.43809350070609304,0.9371621096600741,0.49953676247793766,1.0051386542561895,48.0,0.0003893379095787742,5.9142848007431725
matern_rff64,64.0,False,0.37565078240843486,0.9960292879064291,0.44206399468984686,1.0647729408702193,64.0,0.0001697716339695396,8.148517586192817
matern_rff64,96.0,False,0.2807277981456779,1.2190165863219353,0.3987334590948133,1.2665909009123684,96.0,2.975536986332314e-05,19.040212363039945
matern_rff64,118.0,False,0.24429983947141798,1.4806589441867186,0.38471262846148296,1.506872750506089,118.0,1.4895454645903378e-06,206.3555778098773
matern_rff256,0.5,False,0.6082505877549169,0.9891371989352258,0.4816948126157093,0.9972651377933376,0.5,0.30011938306165575,1.6868275329924272
matern_rff256,1.0,False,0.6124614372887485,0.9786519958336215,0.4951489919389936,0.9946429721447358,1.0,0.14464280033496196,1.7308087668653889
matern_rff256,2.0,False,0.6116836369412162,0.9590934713705257,0.5200301974390571,0.9897219582118296,2.0,0.06733573240615585,1.817265101172027
matern_rff256,4.0,False,0.6158731975385839,0.9262061643671309,0.5591713212399695,0.9811706542051848,4.0,0.029418646821126535,1.9954458306567613
matern_rff256,8.0,False,0.7006745468218919,0.8809202807681866,0.6124607825278455,0.9688401498919099,8.0,0.011535688685907448,2.345069902409703
matern_rff256,12.0,False,0.7226586346711713,0.8530264879752297,0.6344609391037648,0.9610985912106846,12.0,0.006202691834223041,2.6927737129439464
matern_rff256,16.0,False,0.744860669104781,0.8349038385384471,0.6384567005948373,0.9559998828018442,16.0,0.0038342944524654555,3.028386479442509
matern_rff256,24.0,False,0.7957768295122037,0.8127878002063592,0.6486909126192221,0.9499820288672935,24.0,0.00181971622597154,3.686560949815874
matern_rff256,32.0,False,0.8402722409478657,0.7981183778936239,0.6487898401537715,0.9482012395963499,32.0,0.001011150238732461,4.369559814143516
matern_rff256,48.0,False,0.9595921694707714,0.7738947682417096,0.6658937000134276,0.9610567219710894,48.0,0.0003904109294092959,6.037054734674728
matern_rff256,64.0,True,1.1014239936177856,0.7574417737566971,0.6436763440050589,1.0006759740691435,64.0,0.00017113868813631967,8.328269888842486
matern_rff256,96.0,False,1.0982208820521862,0.8311560163388276,0.5494912356512613,1.1691705579871565,96.0,3.0146715500506163e-05,19.77060861031088
matern_rff256,118.0,False,0.9630121742928247,1.0810452528470347,0.43898048017274854,1.3978936123511836,118.0,1.5093710763502685e-06,217.61969287321418
matern_rff1024,0.5,False,0.6211696336691951,0.9906673458687062,0.4760883728311154,0.9974862189873881,0.5,0.30092412297283405,1.735125405813208
matern_rff1024,1.0,False,0.6489239614233379,0.9816710796870614,0.4962428299062376,0.9950867782559786,1.0,0.14541535094710045,1.7757337282631536
matern_rff1024,2.0,False,0.6633968686149275,0.9648864873835812,0.5317700906176169,0.9906043113968044,2.0,0.0680472408128351,1.8571271585684255
matern_rff1024,4.0,False,0.6732509688508356,0.9365325801944171,0.5891744871038676,0.9828236162325353,4.0,0.030023046162531594,2.0265390891626316
matern_rff1024,8.0,False,0.660547636253308,0.8968878278591526,0.6537740115433418,0.9713736210229957,8.0,0.01197865573240294,2.374091791247133
matern_rff1024,12.0,False,0.6658106169604219,0.8718883859159426,0.6833580809071461,0.963784508229792,12.0,0.006533582098758377,2.72521951164015
matern_rff1024,16.0,False,0.695952252467644,0.8555594590804709,0.6864483853886608,0.9583885615341095,16.0,0.004085466583065677,3.0546552650866294
matern_rff1024,24.0,False,0.7458540182664338,0.8371217109132825,0.6614665004362236,0.9508843667929019,24.0,0.0019713709446066313,3.704317597885321
matern_rff1024,32.0,False,0.7590585332387795,0.828298249362068,0.6540755609723627,0.946400316204786,32.0,0.0011080109623899058,4.368166833686281
matern_rff1024,48.0,False,0.7677740166176024,0.8226656506080999,0.6830041126134968,0.9488975531272225,48.0,0.0004346491101060311,6.029020268850174
matern_rff1024,64.0,False,0.7745383595599316,0.8281437688763619,0.6813235788542291,0.9706009893318067,64.0,0.00019277386960107648,8.44735114420602
matern_rff1024,96.0,False,0.7436349887490601,0.9001559430159776,0.6227246594443748,1.0787037938389024,96.0,3.463450964614604e-05,20.444007764991735
matern_rff1024,118.0,True,0.8133005798489107,1.036336726055008,0.540364379220344,1.2345453861985505,118.0,1.7569254033065292e-06,226.56565183317645
matern_vw,0.5,False,0.669775003197239,0.993131586252123,0.4856597999382127,0.9967344754518629,0.5,0.3093169044856182,1.6222572022400643
matern_vw,1.0,False,0.6778780580480832,0.9867034906332237,0.5027529383842417,0.9937865434318649,1.0,0.1499728943522408,1.6753429758029008
matern_vw,2.0,False,0.7042084796363602,0.9751466767859007,0.5319907187376094,0.9886860135741958,2.0,0.07066925180295053,1.7803529571071586
matern_vw,4.0,False,0.7248373612825856,0.956657384386256,0.57998457015764,0.9808287428480699,4.0,0.03163990696024261,1.9716543998386018
matern_vw,8.0,False,0.6777041157078246,0.9320798792627365,0.6328606644945244,0.97053384356039,8.0,0.013016686932626483,2.3679097126488893
matern_vw,12.0,False,0.6545396374446313,0.9157877463027753,0.6475710978501209,0.9639369697779101,12.0,0.007315549148855723,2.7071880823680283
matern_vw,16.0,False,0.6572813377803767,0.9031052380794927,0.6513964877133788,0.9592510345373901,16.0,0.004701097015773474,3.0383197216516296
matern_vw,24.0,False,0.7252521310702562,0.8825269256608846,0.641669278560772,0.9529263703150856,24.0,0.0023719989525159036,3.7312047233950434
matern_vw,32.0,False,0.76956219346729,0.8656238698941668,0.6366341865218987,0.9491714068190853,32.0,0.0013779981871539424,4.3956704741178765
matern_vw,48.0,False,0.8126556606172296,0.8417609343203282,0.6443638903173462,0.9486860547484487,48.0,0.0005649547718118208,5.962678616576943
matern_vw,64.0,True,0.8136715062772196,0.8345216108807548,0.6720404714722091,0.9592260757261452,64.0,0.0002576061683254319,8.215661591756454
matern_vw,96.0,False,0.7427383509110366,0.8846262353942426,0.7208729217928601,1.025455313348827,96.0,4.778532958444894e-05,20.089433798857797
matern_vw,118.0,False,0.6708700635310894,0.9699981161533977,0.7278482281343789,1.1267536519407142,118.0,2.46044300803669e-06,222.31262230377325
matern_ew,0.5,False,1.274723963894143,0.9797279166528402,0.8524087199936379,0.9947000534382371,0.5,0.31926738245409325,1.8624394867026803
matern_ew,1.0,False,1.3229671778525394,0.96007487478448,0.8668993406120432,0.9897081710443715,1.0,0.15372780871285763,1.939385684770817
matern_ew,2.0,False,1.4528961260601942,0.9230030472059906,0.9080225400690708,0.9803757669690574,2.0,0.07148316669179719,2.0768631569339506
matern_ew,4.0,False,1.5409106935014556,0.8585757057493983,0.9880667509682266,0.9635209137700814,4.0,0.03122372335295789,2.2903252494041544
matern_ew,8.0,False,1.6663558333394226,0.7629402096849441,1.127048564907303,0.9344803680026539,8.0,0.012294649300603496,2.898974705731548
matern_ew,12.0,False,1.7286534021968742,0.6969821570459787,1.206590105448812,0.9090336566861857,12.0,0.006655367763683216,3.4253364227094307
matern_ew,16.0,False,1.7463580400413146,0.6490004754612774,1.2578852449774,0.8858414515101817,16.0,0.004142256136529789,3.930389227180468
matern_ew,24.0,False,1.7566111729769542,0.5835708520378683,1.3199658897766824,0.845116127001794,24.0,0.0019865056553222227,4.89529481562518
matern_ew,32.0,False,1.7554919289878175,0.5404658561213106,1.4007454998864146,0.8116016658979134,32.0,0.0011109220578344684,5.9058357860103285
matern_ew,48.0,True,1.7651254436888921,0.4875815552922088,1.575433018190192,0.7634890344010831,48.0,0.0004323275117800612,8.134436944013231
matern_ew,64.0,False,1.7505573538387336,0.4606413752835939,1.679137872515748,0.7357304618952996,64.0,0.00019085873159328478,11.086204158871809
matern_ew,96.0,False,1.6682311489738195,0.4507269378683594,1.7915377645932002,0.7357393477282347,96.0,3.420109698982598e-05,26.449091053263288
matern_ew,118.0,False,1.5970260596012928,0.462602927255717,1.7916131806472986,0.7823013298505829,118.0,1.7387137356040735e-06,306.74315540299983
