return_month,0.5,1.0,2.0,4.0,8.0,12.0,16.0,24.0,32.0,48.0,64.0,96.0,118.0
2005-01-31,0.005952883972628847,0.006026871288532145,0.006148972492646768,0.006330610762696959,0.006611881316936935,0.006924587057438885,0.0073333815947465375,0.00778416400117275,0.007997496826753563,0.008155511919130436,0.007415238369960729,0.004198436685403066,0.0016676702432043837
2005-02-28,0.014853365374312432,0.014797087808931013,0.01479461063693038,0.015149245876670419,0.016868362664436982,0.019422805976646695,0.021598282580418852,0.023070224910942513,0.023895732645986958,0.022983151535565752,0.019805723847344348,0.011056828976728614,0.005211158904270155
2005-03-31,0.01193003920082345,0.01194155629570582,0.01195736593904128,0.011977183378205837,0.012009062508985867,0.012029683408821035,0.012027676778519115,0.01196569811654944,0.011033816499870902,0.009437367706245363,0.008329493039380477,0.006701815867641553,0.005421744943157917
2005-04-30,0.008564932296124251,0.008540961044498276,0.00847428211779043,0.008277238518227304,0.0076812203973745195,0.006881682956296685,0.0059522912184075665,0.003997667721223709,0.0022682078752056197,3.348173371510499e-05,-0.0009108486705325851,-0.002057080767051668,-0.0036340120896389927
2005-05-31,-0.006648951240613153,-0.006623526619498344,-0.0065461141029125435,-0.00630483355132382,-0.005589117509066366,-0.004714827146246262,-0.0038170987173684785,-0.002281102351908265,-0.0012759580004314203,-0.00047323634763327387,-0.00029192859431804573,0.0004655360291514856,0.001719853247593508
2005-06-30,0.0007685645292927755,0.0007770085920739073,0.0008079306656188138,0.0009194086278506984,0.0013124548455023138,0.0019024521226791193,0.002653010859335228,0.004423001334349675,0.00616995038530558,0.008475624458923345,0.008982029547828764,0.007212334987055165,0.006209572031238946
2005-07-31,-0.007894135841518749,-0.007861145327045663,-0.0077751243666735114,-0.007535637136355428,-0.006857447179176037,-0.006016579654097504,-0.0051243901158879385,-0.003547830581539211,-0.0025609737593222178,-0.0022831971666750954,-0.003115109033365643,-0.003312709167,-0.0017835126479649826
2005-08-31,0.0036026666515065315,0.0035638022342615355,0.003525834596267726,0.003573011435045018,0.003974326137606334,0.004578192741911142,0.005241629644528765,0.006451665765626244,0.007287284104145114,0.007653379347666423,0.006766110725543328,0.004520323690843403,0.0038462527868120605
2005-09-30,0.006015578923945214,0.005850355964816431,0.005608364647841783,0.005384448080236156,0.005528649481609133,0.006023832259026464,0.0066221884367606764,0.0077417857720044015,0.008532950663925285,0.008946427812537482,0.008312787621467092,0.007265640374498122,0.007296091180255308
2005-10-31,0.00014967157704642902,0.00022907496953267374,0.00033397580741731234,0.00038425297696365805,0.00010260668322135825,-0.00044753594449088447,-0.0011241593536393001,-0.0025698150800257855,-0.0038680275425857823,-0.0054880704406435965,-0.0059725046396485295,-0.005621203493464495,-0.0047656547873199265
2005-11-30,-0.003959754115029207,-0.003966418507617674,-0.0039659486703285665,-0.003925787354204136,-0.0037605640312258926,-0.003555068156073321,-0.003357885974412694,-0.0030742681847866814,-0.0029589645622367803,-0.003021229032893081,-0.003103565159965859,-0.002903775437532003,-0.0030214605680941417
2005-12-31,0.0027018910578482697,0.0026276675052491344,0.0025256527070335886,0.0024591024624068714,0.002648484143330312,0.0030460421750400373,0.0035180231057827475,0.004429214864435668,0.0051024857428636355,0.0055440365157225216,0.005001264149500156,0.00282273268395043,0.0018519445829469816
2006-01-31,0.008698262189187926,0.007869018828062162,0.006597045549306668,0.005176880468961408,0.004835142803621988,0.006014124778655678,0.007761961293144748,0.011417118207275498,0.014248034888011532,0.015095278071004399,0.012453803258145128,0.007998705021848723,0.007711565413749716
2006-02-28,-0.025153534184959015,-0.025839413278432633,-0.027169482382359885,-0.029509838370673565,-0.031371803647150615,-0.029418643274656875,-0.028268898612879515,-0.026632370900450186,-0.024902084131210308,-0.020356502686675222,-0.015591151637922752,-0.008230924503827073,-0.0044703404922661035
2006-03-31,0.006988801611297245,0.0063323206562193035,0.005256594873985354,0.0038711032350067383,0.002849666085214572,0.0028448448416420542,0.0032202322191525927,0.004267755142098772,0.005250871311404196,0.006583653248972196,0.006788387676217749,0.0053686676858418735,0.004426916633556525
2006-04-30,0.008213974943591466,0.008752044590085115,0.009734322981192886,0.011149467982520755,0.011828952719129324,0.012045735721114708,0.011908771410461776,0.01159498181485813,0.011115789525641477,0.008645514532908403,0.006336513542578951,0.004449753987538021,0.004545185637119734
2006-05-31,-0.007354430191918937,-0.00597068178064998,-0.0036186634300127076,-0.0003927458611907547,0.0026569713042188295,0.003877445467148733,0.004457225736138815,0.004953108548918881,0.005088578455558402,0.004721834882367401,0.0035824567057767525,-0.00039095744960767373,-0.002696559819906849
2006-06-30,0.00700659841885241,0.006935060613269879,0.0068278024470346905,0.00671784668310538,0.006730118367571658,0.006870228528800696,0.00703791355108003,0.007319890319609216,0.007489135480870576,0.007580015972612298,0.00752785289470069,0.006819645085067299,0.005556395139655119
2006-07-31,0.010244317995296787,0.010505897363908077,0.010897596758418072,0.011356386921969473,0.011702675891923621,0.0117829912530332,0.011785514906869864,0.011738400741857872,0.011654397267328939,0.011236406899296095,0.010357619688670962,0.007546121078126828,0.0044526502342393005
2006-08-31,-0.017650814022636272,-0.01712912221742956,-0.016263262324431878,-0.015066236204645908,-0.013911401217094985,-0.013541307287148386,-0.013497253313699855,-0.013716315194174152,-0.013986703677034954,-0.01443025309447062,-0.01486385195832961,-0.01456439284852874,-0.012210161097377726
2006-09-30,-0.0003931848207960829,-0.0003063671090800679,-0.000171101153689798,-1.2474812775533545e-05,4.6876810226542206e-05,-6.001627815264515e-05,-0.00023041964220313452,-0.0005645850958858519,-0.000721324489185751,-0.00013723453354084412,0.001861031028279522,0.007068529072403799,0.009259630513465514
2006-10-31,-0.004650432595088802,-0.004610052042017408,-0.004531224276757441,-0.004375942403620357,-0.004047609742486388,-0.00367233144263866,-0.0032479898979956272,-0.0023077221722034563,-0.0013540692893660303,0.0002867044687056641,0.0014680233491130028,0.002323942925634635,0.003034413944802404
2006-11-30,-0.011349962288130294,-0.011213884472239212,-0.010974486048243462,-0.01059787676262635,-0.010088788177185146,-0.009738337414978529,-0.009462362680390834,-0.009036895496956729,-0.00874088938791005,-0.008388587389519019,-0.007721947211001952,-0.003009453278305243,-0.0003841473856223024
2006-12-31,0.00586990956078894,0.006141721696298898,0.006545739738571388,0.0070065145096558585,0.007305436671502596,0.007289893316054756,0.007161187609448498,0.006809802091807065,0.006426977361128599,0.004428520524741677,0.0013264419273927752,-0.003886993724276127,-0.005925381727003424
2007-01-31,0.003703198805350788,0.0035291902734721123,0.003253081215671339,0.0029112023934375415,0.0027159985753935577,0.002853402865292172,0.0031506296091327363,0.003920830914923833,0.004701533286911788,0.005997309335920421,0.005539360460887613,0.003040484575672462,2.697092346674627e-05
2007-02-28,0.00011132271974650705,0.0001557105660148385,0.0002342920468348018,0.0003647049191113321,0.0005823007383439801,0.0008003549592172151,0.0010484421610364241,0.0016643014978188193,0.0023465119479373817,0.002965322397730627,0.003303857831224204,0.004046112714522117,0.004968170609657441
2007-03-31,0.01611207512832329,0.015854963981226683,0.014961844022219528,0.013555161714771677,0.011990042729707308,0.011401354223288949,0.01131002222628732,0.011784548641480331,0.012531061653590197,0.0119201343305919,0.009464257706808659,0.005587582584239993,0.0037004612280488367
2007-04-30,0.0017993588647134235,0.0017380359054010987,0.0016243877422170113,0.0013864740646017198,0.000986744266582435,0.0008280368390747152,0.0007907891219411545,0.00087711667377723,0.0010580207030159864,0.0014458726863933718,0.0018660758215915266,0.002243604236240446,0.0014839178677269666
2007-05-31,0.012647524792279001,0.012522977493282147,0.012294567264187102,0.01190144745705508,0.010463668511106212,0.00920020392175934,0.008828977336910423,0.009310963017295004,0.010457442955946665,0.01184505780208647,0.011646307615022304,0.011041040329247714,0.010345325095617827
2007-06-30,-0.0006981159745734606,-0.0010111705061542904,-0.0015115195055665585,-0.0021923833393744457,-0.0028931862491184965,-0.0032380251290647917,-0.003453769382608726,-0.003770149602077981,-0.004062133141334749,-0.0044672784967699185,-0.003954234051193507,-0.003652685221056415,-0.004073689350072461
2007-07-31,0.013680007995263567,0.013019189567216951,0.011760388640415013,0.009278875412355616,0.005097135177525982,0.0029307739735057138,0.0016439175824808593,8.546714834754299e-06,-0.0012888720076034174,-0.0030030177428122373,-0.002865157528559269,0.0007537860525357986,0.0052592691469882154
2007-08-31,-0.003955003704773949,-0.004048386613435926,-0.004153787463566997,-0.004103824889623026,-0.0037856873049623273,-0.0037808987628745023,-0.004076829142072113,-0.005237242228449648,-0.006919781512781461,-0.011073002983725344,-0.012611125456155607,-0.013646075011479217,-0.012601563365682526
2007-09-30,0.02061597872755467,0.019885552583845674,0.018242289347530995,0.014935960819064903,0.010244192076617966,0.007758597452752671,0.006425840858131397,0.0052232306514570885,0.00483895596799975,0.005626491295913417,0.007110178575255095,0.01057201050621313,0.012078448460536592
2007-10-31,0.028277458840144012,0.028477108806802896,0.02848411555849941,0.0269706689794185,0.0211197253045129,0.01621983420638334,0.01306161505745736,0.009594387580710783,0.007793204654264294,0.006301326609708095,0.005376960635388636,0.004216848756733457,0.004419022991638814
2007-11-30,0.0033324394545825122,0.004039253674096773,0.005537360793500646,0.008833297723782958,0.01586737056103787,0.021384207968134155,0.024210917387500776,0.025390634629664066,0.025140537485584848,0.025076842893572142,0.022132096101973663,0.0194822930466172,0.02111350714300961
2007-12-31,0.028981283266934714,0.02993434026955895,0.031877918767959194,0.03575403486194173,0.04166658919411588,0.04275474988913234,0.040470389536372095,0.035147197130819235,0.032208117094499465,0.03150315901559298,0.03361877975879097,0.023419288995368392,0.01355566369508017
2008-01-31,-0.03513903304167498,-0.035791018216840595,-0.03713664743919653,-0.039964417320864955,-0.04563908962909441,-0.049567404393439915,-0.04990185265463197,-0.043387621112434195,-0.036804709571267476,-0.030846505445659988,-0.029896995887251233,-0.017846852607589003,-0.012402975525027189
2008-02-29,0.02363082888951284,0.024458401871364152,0.02622203713497786,0.03022916390061275,0.04035545060227131,0.052183950370394444,0.06074981162018056,0.057415603392635205,0.04764146327672599,0.037357316582170334,0.032063872475505066,0.018920297054187366,0.01422265644097304
2008-03-31,-0.0007191439259963358,-0.0005458260511144336,-0.0001823158810040702,0.0006169727495787265,0.002536265522207549,0.0048838326734053005,0.007480078552311857,0.01025468964802698,0.009335050313819732,0.005650609010682845,0.001388979641651983,-0.005004466701817743,-0.0069816453455439345
2008-04-30,0.013081593447286969,0.013309895786708317,0.013783491773719177,0.014802041929426734,0.017108106298332516,0.019489921946279586,0.021091929814010875,0.01914408664550851,0.014048717440808763,0.006759977019125096,0.0023857573086559416,-0.0030921125268393453,-0.006325249102757533
2008-05-31,0.023159979071832894,0.023641094871230898,0.02463797135682417,0.02677789765215623,0.03166402914868508,0.03716126918824998,0.04248133676624134,0.04388077142598935,0.03597806676528131,0.02372695733427902,0.015210114031389287,0.008297438353528705,0.0068892169071252726
2008-06-30,0.040438246485717276,0.04123187744937223,0.042870757148401245,0.046373933914093626,0.05442080783741788,0.06401255223549104,0.07513739038777534,0.10025942003252851,0.0949981775728132,0.07111012888786719,0.05422554439000946,0.034444343768675605,0.0205532545948141
2008-07-31,-0.0370562635073641,-0.037502102328033415,-0.03839501959995168,-0.04019075229337764,-0.04386449222501883,-0.04770506144359166,-0.051760300221781574,-0.06074917482590114,-0.0708580895872511,-0.04445023283149057,-0.023156836035057783,0.0009326101600321222,0.007212665769233155
2008-08-31,-0.015396415117623697,-0.015525368587269474,-0.01578375373294923,-0.016304203420997077,-0.01737556520002378,-0.018507603411713765,-0.0197006671198145,-0.022024556222650843,-0.016010072576915113,-0.0075902107720864104,-0.004091584647183483,-0.0019861981417637056,-0.0032426524753206613
2008-09-30,-0.02889496090802606,-0.02904888206837875,-0.02936154853107796,-0.030014989212796717,-0.031510827800494356,-0.033399923183691275,-0.03582599913064917,-0.04241095448645133,-0.038936236694314695,-0.02304227567967342,-0.015355648878158953,-0.008250446316676903,-0.004532012446466145
2008-10-31,0.005423705277997795,0.006028344364156507,0.007316667115970006,0.010261670777994884,0.018134594255308858,0.029628537308793303,0.03264887831560441,0.030147378964966803,0.025050763918026672,0.015182353104363748,0.008946042133773958,0.003430353807786572,0.0007341799578041429
2008-11-30,0.03122376874802954,0.03251427410708712,0.0348640743945818,0.03841728715953652,0.04071677651908747,0.038906975377998705,0.035822756631151996,0.02971454433540703,0.024387296593436046,0.015445903196185402,0.008919947019242064,0.004203433319336886,0.0038483074114445143
2008-12-31,-0.024822326924392464,-0.02438623717786662,-0.02351334411853804,-0.021846708386737093,-0.01901361617206034,-0.01678152788140527,-0.014978682776385505,-0.012135486947589456,-0.009800868977642804,-0.005745474524517201,-0.0023261078388458483,0.0020312289494665474,0.003276942101584651
2009-01-31,0.022022084249457993,0.02120218324569018,0.019746692090264927,0.017448173740191288,0.01450896845483963,0.012905684576949185,0.012124178918383318,0.012052332650203508,0.013031617998881294,0.015549936050426549,0.01723732200918489,0.02002334323869449,0.02417885141750265
2009-02-28,0.032995008645764524,0.0321487748901179,0.03067123398600783,0.028369670191562446,0.02534222525773229,0.023406565389892393,0.02201848627263508,0.020003863630880196,0.0184000619269801,0.015710263731203242,0.013780311570213742,0.012062776771210858,0.011308095551431162
2009-03-31,-0.04986630391578154,-0.0492286610457199,-0.04796506309508066,-0.045578236842605674,-0.04146843382712982,-0.03801704541253325,-0.034972840977645005,-0.029570563153832333,-0.02473833235055793,-0.016869147473278896,-0.011883356480318307,-0.008410303705899893,-0.008155711207721334
2009-04-30,-0.14395114197809777,-0.14169413921273893,-0.136459332278488,-0.12495800226410007,-0.10322519441469799,-0.08423095099078759,-0.06691177525653785,-0.03505652675571549,-0.0071290694574356155,0.029849984448571676,0.046599269838475524,0.050923437927915975,0.041601713483713186
2009-05-31,0.012333809023165025,0.01272557174301883,0.0134766969934009,0.014815572817993939,0.01674745988998524,0.017805935626026205,0.01826698640901369,0.018237898291444468,0.01769218067994909,0.016347538410132565,0.0126022594544241,0.0069975617485684705,0.0031981828288227612
2009-06-30,-0.008151777980124978,-0.00821916283064232,-0.008334795135178274,-0.008493674757482195,-0.00856562091418902,-0.00839014165100838,-0.008041533973069184,-0.007004156128678251,-0.005662399033810357,-0.002322919256544731,0.001623110517404036,0.008902484151899566,0.010329211998446091
2009-07-31,0.013379889741956858,0.01366468691042325,0.014182060362860438,0.015003045625334683,0.015852414007582034,0.01587344636895005,0.015343939642830014,0.013409386442614092,0.010967420809160175,0.005108385764370421,-0.0007821409174623538,-0.008602589670089249,-0.011697025163001114
2009-08-31,0.02269268880964423,0.02307108970651169,0.023770117324630927,0.02495275788079292,0.026611701910943652,0.02760513972971004,0.028191003465430103,0.028811226757329424,0.029296175150129486,0.030653874676667643,0.03212903931666781,0.03294121495984387,0.029293965981739226
2009-09-30,0.016082798046029512,0.016134362804062715,0.016223195675071016,0.01635385436375092,0.016490184764523283,0.016534090083141332,0.016530489890319647,0.016452235561307604,0.01633451200881883,0.016195064488290944,0.016576553345887163,0.019505709267538533,0.01862232267119422
2009-10-31,-0.029429385335113075,-0.029611092195195907,-0.029945090459681946,-0.03050877737703098,-0.031317070187840246,-0.03184027509560807,-0.03218811266133626,-0.03260947758390927,-0.0328896793392644,-0.03343317729848183,-0.03410785086610961,-0.03597554728227982,-0.03733881768438807
2009-11-30,-0.0014950220765849959,-0.001596301121993079,-0.001793831468855377,-0.0021712317691736246,-0.002886859983268843,-0.0036118588834452114,-0.0043998901265356865,-0.006202647273128086,-0.007917340949756744,-0.00887616459684603,-0.008193571041377901,-0.007032224514144375,-0.006664077951739245
2009-12-31,0.0220598618075659,0.022251503883117207,0.022604271610930433,0.02320967591105403,0.024173461688804597,0.024996566546731564,0.02576799238637443,0.026915069452382864,0.026065864761134833,0.015241257969028853,0.006330227711378963,-0.0024384417439322365,-0.004887920664269267
2010-01-31,-0.001269209240473096,-0.0012222529719655211,-0.0011398024291934823,-0.0010175607451483088,-0.0009114509878494334,-0.0009314747991166526,-0.0010271353280343531,-0.001346271726544774,-0.0017938114045335039,-0.0029873746367147513,-0.0043917524973967415,-0.008737039141319562,-0.01069327188316145
2010-02-28,0.013225990066934997,0.01325074133073073,0.013299956124959437,0.01339925018686964,0.013611114959394379,0.013845032597642498,0.014090163750607072,0.014504795101347648,0.014594850860737205,0.013801355826097594,0.013627505697213526,0.015755991255113785,0.0161743996754519
2010-03-31,0.025000209878252133,0.025019989735919304,0.025066317848869608,0.02518510560506741,0.02552215668120907,0.025984293275517774,0.026558515209927202,0.0279422432358151,0.029379650558536755,0.03116760912240051,0.028675038255090927,0.022871135635123805,0.018113561314918748
2010-04-30,0.03125096714227011,0.031267166818395024,0.031305795560759825,0.03140550787328178,0.03168151594753853,0.03204428310915798,0.03247907119677337,0.03348566733249378,0.034489154445120636,0.03553601819295538,0.0343344278521035,0.023210240903131295,0.016040939788506774
2010-05-31,0.011530595888916738,0.011574333884260038,0.011658297216031671,0.011806638064675634,0.012000112438236678,0.01204568850652889,0.011958182459761274,0.01134597202116097,0.010185649414116092,0.008578477672731913,0.007995166232591073,0.008442828656726117,0.009321129951652083
2010-06-30,0.01370377221489306,0.013724777486285079,0.013758649129213823,0.01378694813075975,0.013652950696501453,0.013250563037743825,0.012605523244432853,0.010771542885673606,0.00851293128660728,0.003501302791694057,-0.001039049307271164,-0.007318895499808782,-0.009866623073375875
2010-07-31,-0.018402909259182455,-0.018424855933059554,-0.018466630203629087,-0.018539574520093,-0.018630830615288228,-0.018636848785838565,-0.018552820651136014,-0.018121277996368743,-0.017367561375849803,-0.015030176584078986,-0.010024711281041218,-0.003750455283386661,-0.00428901079701153
2010-08-31,0.019285211478121757,0.019286593064598293,0.019281284483684404,0.019235201694831703,0.018987947279547897,0.018532890678756433,0.017887158355621095,0.01611834951329331,0.013862008125771036,0.0075057563802201415,0.0019231586055469502,-0.003731423427777267,-0.00513131072443377
2010-09-30,-0.016820366583050583,-0.016781524005030052,-0.01669794405096355,-0.01650680000661372,-0.016029219100113293,-0.015433361319582862,-0.014735576891672887,-0.01309710111861066,-0.011192470008434631,-0.006410192384260822,-0.0005474346317485241,0.006894434334189726,0.010956665189434249
2010-10-31,0.004551152802138415,0.004555901906709695,0.004569372269022899,0.0046149389925887714,0.004793823017131189,0.005095345421851287,0.005508579054545758,0.006595151574722897,0.007347614439317313,0.007488130901716012,0.006942754431603092,0.004277034035749174,0.0015385192269611846
2010-11-30,0.015701728595413827,0.015665395040629377,0.015599257246904577,0.015501317574330853,0.015484622157756044,0.015725186579836143,0.016186819737044257,0.017548634950780916,0.01911723173890662,0.01672279985637715,0.014048396258527676,0.009262769562777322,0.0063616066488745085
2010-12-31,-0.03807682654552488,-0.03806278985286652,-0.03803488119995951,-0.03798352336075218,-0.037924529383521824,-0.037953960417151655,-0.03808242558093852,-0.03860829440340154,-0.036631211504397396,-0.02981738684949415,-0.02471694859027578,-0.017761689137691647,-0.013351396105011513
2011-01-31,-0.005755543048631449,-0.005726138685838022,-0.00565448447927506,-0.005458340724239422,-0.004871015618022137,-0.00407394529893953,-0.00314948574141588,-0.0011651794452255634,0.0007237586104864526,0.0036567504217441017,0.005314138309989598,0.005353679227371996,0.0041861794369484236
2011-02-28,0.004980997869578923,0.004913446795755318,0.0047762699616514075,0.004500963884748291,0.003976635974011212,0.0035100399544909424,0.003097574793927824,0.0023773038653949075,0.0017319377929901493,0.0006430090196434709,-0.00021387963825672716,-0.0013327365120621975,-0.0014161912013946054
2011-03-31,0.019795369277665103,0.019742618494086036,0.01962354446344626,0.019341623739170803,0.018638765949864865,0.01785454487309113,0.01704074771790738,0.01536856044220394,0.01366513030429821,0.010889123351968743,0.008707325125351753,0.006209676420107782,0.005003096011950016
2011-04-30,0.004659149968647449,0.004700135018515854,0.004748081427237016,0.004775978989206453,0.004627752639480508,0.004289786381795366,0.0038520707981018385,0.0028960970029781015,0.002015677402181797,0.0007382974239184167,1.8330710740116347e-05,-0.00025273510198103,0.00033066680279651234
2011-05-31,0.0017119191576768385,0.0018039842906713338,0.001970882199058657,0.0022340836874031535,0.0024719504512767288,0.002291330503921699,0.0019090709002758687,0.0009130418855856823,-4.637629646113083e-05,-0.0012761337376193044,-0.0014988278168247629,-0.0001321731855326094,0.0008620892891140735
2011-06-30,0.016048524152762225,0.01610722299296316,0.0162196502392272,0.0164245103777719,0.016759563838133564,0.016780178765415474,0.015809859732370646,0.013768864478839219,0.011974183643367324,0.009818190914056647,0.00911013120357378,0.009351805571525018,0.008945352695165009
2011-07-31,0.008049930391968803,0.007983340413061394,0.007850301265691773,0.007587125417159895,0.007080006230864816,0.006595416607426913,0.006121648051235693,0.004709593856480411,0.0033828840289448956,0.0015163489207677561,0.00033308098613788265,-0.0011182446692442087,-0.0017303178975404004
2011-08-31,0.023662455977253832,0.023770954717407353,0.023952769163511477,0.024183510708214596,0.024201765369004025,0.023812513455685958,0.023202586092556293,0.020396593559251764,0.017220221453205443,0.013884720977437988,0.013397485288134146,0.015088606185950447,0.013375319326727687
2011-09-30,0.021731797932486713,0.021715896355514804,0.021651617972410223,0.021403818882875177,0.020528109437235084,0.019329365940842367,0.017988640908165324,0.015329502615420073,0.011584867160773171,0.007007413226739649,0.004474280378567605,0.00044312905510650487,-0.002814747344552222
2011-10-31,-0.04149404293835053,-0.04129422017148867,-0.040870937855357205,-0.03994180530140746,-0.03783510471115318,-0.035521389373508766,-0.03310750565726635,-0.028197240081195608,-0.02002348040602098,-0.008265986502403242,-0.0006749203882073328,0.008585976774638883,0.010786722437525705
2011-11-30,0.014070311780736677,0.014040848878444728,0.013972636249032565,0.013807690320121087,0.013410783426634987,0.0123835591864281,0.011005322932453009,0.008800367393631024,0.007245403249554948,0.0053520759568522,0.004380031325380312,0.0028215456825360485,0.0013171935129643027
2011-12-31,-0.006429149694024389,-0.006670669581651911,-0.007169887756975222,-0.008199713674717104,-0.01020140628140737,-0.011718719948373722,-0.012072901248504875,-0.011803522425192586,-0.010846183557687492,-0.008550260465894266,-0.00658548820289508,-0.004426942334854122,-0.0035241542869501887
2012-01-31,-0.02395267155641697,-0.02356257041845034,-0.022759964527146216,-0.021101072558980256,-0.017780986648098667,-0.014463730847004976,-0.010824870826950146,-0.0062498619079956455,-0.004149272601743284,-0.003682923952284945,-0.0051636221113177646,-0.008973728681649161,-0.011385651123220212
2012-02-29,-0.004190633947080663,-0.004089711640069449,-0.0038577697052109895,-0.0033160678497983864,-0.0021624167163508214,-0.0011577959481952203,-0.0003751967037816552,0.0006079559307458763,0.0010707302773730525,0.0012533342457264676,0.0010004101333377646,0.000287096481877793,0.0007093213744606442
2012-03-31,-0.008103926541509822,-0.00804951261097282,-0.00800191248680176,-0.008061634668303463,-0.008343889152509443,-0.008507883727357316,-0.008466582767105813,-0.007941201184998867,-0.007129673805825217,-0.005444081464245371,-0.004070645213255539,-0.0027621389898265358,-0.002618859338051794
2012-04-30,0.007682506467576698,0.0075572498655970535,0.007256057033836663,0.006531964867307483,0.005040176893446475,0.0038311524701109623,0.002975643296230512,0.002087735871664605,0.0018452545552097392,0.0020569078370572176,0.002377991300452308,0.002342848204797722,0.001953551452126588
2012-05-31,0.01649737404202649,0.016399541565686574,0.016048819412706337,0.015009321080046772,0.012717546560133226,0.011041764385165607,0.010151423663706019,0.009964222512654206,0.01078548237312118,0.012916206342717038,0.014492775530192034,0.01511305969378339,0.013594368900396196
2012-06-30,-0.013409161310250323,-0.013519531716990314,-0.01377588779641426,-0.014011024543659186,-0.013482367820699085,-0.012705107494616737,-0.011787748482121578,-0.009959973626580697,-0.008298249790052552,-0.005663563273289578,-0.0038038335646328855,-0.001278291384136671,-0.00040164949902945184
2012-07-31,0.0067589309032374,0.006749050984506665,0.006680959615622002,0.006443457156116062,0.005926519529792055,0.0055470522845086235,0.0053301914527882615,0.005135983014238629,0.005093821683830646,0.0051133119075196945,0.005046440488517498,0.004633022831789596,0.004264557681485491
2012-08-31,-0.012206148189613483,-0.012130371648251813,-0.011828865879217264,-0.010890367884311771,-0.008801155676308224,-0.0071719528547281326,-0.006058644737747941,-0.004829805839239006,-0.004271344348441289,-0.0036361810056164054,-0.0029849468079803233,-0.0012279240351580159,0.0002890253451232638
2012-09-30,-0.009590829480053771,-0.00959548342378233,-0.009540479075708241,-0.009255643689171865,-0.008389751167485531,-0.00750679625032685,-0.006720154231563505,-0.0053750582094506715,-0.004234093954033934,-0.002218705952547234,-0.00038500766890244085,0.002359781221003319,0.0031356756185467287
2012-10-31,-0.008806141383477472,-0.00867617729431532,-0.008495102519962555,-0.008084293715430822,-0.0067696855382273265,-0.00528145666239645,-0.003882986088890284,-0.00160693080494784,2.1980092104961532e-05,0.0020947948545432396,0.0032650763993317686,0.0042079324880712555,0.003901662770409606
2012-11-30,0.01384479544436682,0.013966648992840369,0.01420996781169938,0.014616512402775093,0.01502701013407445,0.01497438104475063,0.014797261346387737,0.01421848918901123,0.013408058882523088,0.011783207584221475,0.010090961770903373,0.007077640825246503,0.0053315243436060445
2012-12-31,-0.021167398405111365,-0.020741203778112408,-0.019846364910729487,-0.017935184037884827,-0.014138896249142397,-0.010951287221152,-0.00842655970590108,-0.004766926467199416,-0.0022463002604461587,0.0009670718651156239,0.002914351213884907,0.004880570164390794,0.004969318870494399
2013-01-31,-0.008314525248553587,-0.008084877901285427,-0.007596766324374438,-0.0065505227506546726,-0.004509387891814434,-0.0028457206621120847,-0.001552879872062512,0.00021254680742317734,0.0012646204271379168,0.0022834560777971534,0.002621146416142692,0.0025889569759193756,0.0023753663579378693
2013-02-28,0.015026287679018162,0.014880799012372005,0.014579287197537422,0.014000470713582529,0.013070807259799993,0.012420302541723544,0.011953064752147012,0.011121612937963165,0.01038400003533861,0.009003160739927612,0.007739383240905053,0.005603511790256316,0.004303876188064333
2013-03-31,0.0032383001455206202,0.0032465712692459794,0.003274243655153475,0.003365886274510109,0.0036341389681021417,0.003947580121413261,0.0042334509674099,0.004625383440553616,0.004826813874541366,0.004985806225022317,0.005082895217876322,0.005422749928158933,0.005591403319501491
2013-04-30,0.011948285258343011,0.011894063591612339,0.011803061591186815,0.011597560866022717,0.011359704880835767,0.011274497134036254,0.011284074166409025,0.01133729713036312,0.01125463825151913,0.010986027487939148,0.010606336829371529,0.00962480143315116,0.00867816730258629
2013-05-31,-0.01555530022390087,-0.014863765077236578,-0.013515362413516703,-0.011025925223040342,-0.00696699795759718,-0.004136421414297995,-0.002166793627539681,0.00034020949756359195,0.0018737818952150765,0.0037997241169357323,0.005041137942003494,0.00587940120084166,0.00510648070581445
2013-06-30,0.005999868371551511,0.005719909572025098,0.005186696815829394,0.004235073666424698,0.0028818858627531565,0.0020906822352004225,0.0016260034360571424,0.0011671360757083537,0.000977486185352481,0.0008437887674058603,0.0008271185699903135,0.000840690170257592,0.0007390437545189441
2013-07-31,-0.009947524321550954,-0.009555675221832387,-0.008808119919032503,-0.007456128369993533,-0.005394848715306501,-0.003967342612129847,-0.002912658044866941,-0.001425816123642542,-0.00041843896889454276,0.0007970523877368921,0.0013763447621074941,0.0013028704535795127,0.0005482241749243509
2013-08-31,-0.008099221027179084,-0.007978209872550796,-0.007791599461168849,-0.007582948413498038,-0.007516144939232781,-0.00758378216094379,-0.007646573707469655,-0.007581783650891467,-0.007326781545627768,-0.006622366243451172,-0.005922483135350178,-0.004142442206719135,-0.0023416352410408747
2013-09-30,0.004184946808837662,0.004517766393766216,0.005109468026154223,0.00601939843929024,0.007072883645497059,0.007559018156530014,0.007860462433594825,0.008269878602699818,0.008591160444907438,0.008971357367135566,0.009121431563424001,0.009320003976895811,0.009153360337285588
2013-10-31,0.016872302625379983,0.016660419688996904,0.01627430502608253,0.015618661308986861,0.014588171525075588,0.013472149720810267,0.012236768567357276,0.009602865064263583,0.007065399055521599,0.0028365032456429792,-0.0002496791247217954,-0.003903123732818715,-0.004416031866988763
2013-11-30,0.005295668980972033,0.005530984454776853,0.00598431302826249,0.0068201225584051325,0.008170337467997349,0.009101132609756436,0.009700306580797943,0.010244732416608077,0.010287291103545704,0.009857981077074104,0.009184127305788277,0.007612587344064934,0.006290316585536417
2013-12-31,-0.0051857886723050495,-0.004936822978557666,-0.004460501434788435,-0.0035798654935314564,-0.002158267057151412,-0.001031396423350176,-9.436746005231486e-05,0.0013845288172959203,0.002442409279879926,0.003552872509893101,0.003620968253071464,0.0016071685619806501,-0.0005379175883313142
2014-01-31,-0.02411016829216168,-0.0239175556413459,-0.02356087408641172,-0.022820937706649037,-0.02132122242195047,-0.019639716204391193,-0.017763501423807296,-0.013872010336204846,-0.010472630538989208,-0.005803319743083417,-0.0033827724152257154,-0.0020251592036721845,-0.0015284552609138172
2014-02-28,0.00947678553375273,0.009816664922026475,0.01017816144580475,0.010685104333712444,0.01113250149807125,0.011321605618389503,0.011465342158536515,0.011803173074517564,0.01207777042042192,0.012417878057829434,0.012031221740594275,0.009622911654363067,0.0068921749729986765
2014-03-31,0.001839729381839522,0.002080666422914201,0.0026505900953729894,0.003869383873222709,0.006098817628065112,0.0075145101066341514,0.008085082901852088,0.007718302915239279,0.006568029123552746,0.004829476047658619,0.004306617416912057,0.004544124192456119,0.004001508634387822
2014-04-30,0.017417322676116526,0.017138524000472916,0.016668851312866644,0.015893196799476095,0.014819863025043376,0.013767455526977545,0.012618924846230038,0.01014979753380427,0.00787055716117273,0.004509747250025541,0.0025219035537141165,0.0009352677339414211,0.001001312499763386
2014-05-31,0.013916820220163679,0.013881772669830742,0.013780542475199175,0.01352684049795475,0.012893079872055083,0.012294612030051954,0.011753034955642599,0.010855686244432653,0.009996444607162917,0.008445831108401908,0.007203296084549123,0.005114783827787691,0.0037559008757697913
2014-06-30,-0.03829550219982386,-0.037783702715958524,-0.036792464035965027,-0.03486451280317974,-0.031421830254703645,-0.028342336362406552,-0.025582108566655822,-0.020799199624722597,-0.016923969866324134,-0.011760112320822365,-0.009165738280931653,-0.007341435101118692,-0.006534084899333998
2014-07-31,0.017377751240560114,0.017123294465135292,0.01663843419186411,0.01573836894214275,0.014066768163862785,0.012647126169698934,0.011391263881062264,0.009403863798716263,0.0079213361680592,0.006102897712071866,0.005459384908043544,0.0055147806889062605,0.006131129503392567
2014-08-31,0.0018282051457210176,0.001789760603416926,0.0017048989495858132,0.0015109256979847737,0.0011054286284268651,0.0007583470490541471,0.0004913658347245174,0.00013078272266462898,-0.00010882284358454649,-0.0004533526310396455,-0.0006772359376758061,-0.0005166955183022236,0.0001482439649938233
2014-09-30,0.0214079462773401,0.021211951315169883,0.020740243086513448,0.019607983352761846,0.017114906453893453,0.014815451441385538,0.012815436401037592,0.009661660147970149,0.007473624301637796,0.004915206820584028,0.0035138914311507448,0.0013116719899486074,-0.00043020255910954075
2014-10-31,0.018853696176215136,0.018517968252219283,0.017805207268699663,0.01635676616346352,0.013677361784258192,0.011395756558079393,0.009535020917537936,0.006833449462557213,0.005118301844839775,0.0034270002551867297,0.0029531858637577495,0.003185769087806058,0.0031676163687434306
2014-11-30,0.057749072101840486,0.05727543605180754,0.05630999854069032,0.054255448023927906,0.049737868018351415,0.045712309234223474,0.04228915060116043,0.03672194457331521,0.032416782424238885,0.02617882335287788,0.021432632960053214,0.01398356690506403,0.00966817835811137
2014-12-31,0.0028495730416511016,0.0026882893426891197,0.002334221361477287,0.0015839282188894542,0.00037110965580333915,-0.0005247740438005598,-0.0011997266875089707,-0.0021733283504184195,-0.002879271405874538,-0.0038966279312989275,-0.004567946257872039,-0.005278114462878995,-0.005315185417686046
2015-01-31,0.021111336285515557,0.02127635586821962,0.021554049394399123,0.020554333272654216,0.017848358868453998,0.015132808623614932,0.012726086744282432,0.008903863474199601,0.005977494203320923,0.0019844908386596255,-0.00011958248902732766,-0.0005478027936992752,0.0005937341101220122
2015-02-28,-0.01059106539573634,-0.010336851010895579,-0.009847460756181977,-0.008585954660434013,-0.006179573461513811,-0.004434581802665818,-0.0030767985781945143,-0.0010396368197654097,0.0004983370564318427,0.0025613132602529606,0.003561402260301912,0.003526618283618148,0.0026194414827023205
2015-03-31,0.010455827384672364,0.010345965557188723,0.009771090194425071,0.00852494410084646,0.006195202400877099,0.004255076805524288,0.0027318166364423474,0.0006427254525080762,-0.0005519811287395214,-0.0013021630811272222,-0.0007757960672343854,0.001751339860563489,0.0035451721143537353
2015-04-30,-0.04054387638274596,-0.04058826331797296,-0.04066056336078711,-0.04048742210356142,-0.03525230259613799,-0.030644518053064666,-0.026740449523638774,-0.02100846309405818,-0.01728100867142699,-0.013098441947233187,-0.01092640078383865,-0.007220516687352828,-0.0037683026103195205
2015-05-31,0.01862990372567812,0.018307166894182804,0.017378181760178267,0.015435885845427856,0.011843397692360478,0.008895240915378348,0.006639549527097,0.0035300356112242456,0.0014925584968343924,-0.001071649093622526,-0.0025688357415620255,-0.003345761302167917,-0.0022439257854824234
2015-06-30,0.010447618030981954,0.010193254872257201,0.009644224389807074,0.008076650312304775,0.0045734310626803125,0.0017385960798775848,-0.0004207850646387242,-0.003163036514608162,-0.0044857942605103385,-0.004803754751682888,-0.0037208554184456327,-0.0006219189908313406,0.0008992691792202902
2015-07-31,0.059899010819292005,0.06005388204593868,0.06037510166884443,0.06104042488930743,0.055128405143142385,0.04866561546075072,0.04304336365471537,0.03438122258499857,0.028401798357539698,0.020713171681388403,0.016447133323197777,0.011491067656298952,0.009282465143415306
2015-08-31,-0.0005315425787371579,-0.0005276739785335291,-0.0004912979697391151,-0.0003226710237950383,0.00022414851405246007,0.0006986777623231941,0.0009718598934852437,0.0010149918894816871,0.0007137311457757337,2.700146096047489e-06,-0.0002680145518649072,0.0003902893824525516,0.0013444048662440784
2015-09-30,0.06205396434438172,0.06231292651245502,0.06287821866263663,0.06416686354293609,0.06377463170865237,0.05753312384048932,0.05214957355742737,0.042997310721379946,0.035762728185241385,0.024650566131324155,0.017631476104143878,0.009773766514293817,0.006373890228444207
2015-10-31,-0.006487346630259399,-0.006160848034106146,-0.005465088764898724,-0.003924710288825951,-0.00042912145740230237,0.0028057954129492757,0.0053242295251563435,0.008632549603416062,0.010201803882410234,0.00994802613438675,0.007596955650273979,0.0029238673302712467,0.001799376187024234
2015-11-30,2.4934281524772287e-05,0.00010359386551744731,0.00023205908159450243,0.00036767399092747517,0.00021236601110410978,-0.00011377794019318246,-0.00040315458289360493,-0.0007237994912404163,-0.0007903383702868574,-0.000600719295148012,-0.00032754608529309356,-6.595119499904166e-05,-0.00032337432922258314
2015-12-31,0.03612634001436494,0.036239686358700764,0.0364359711302878,0.036708841412922015,0.03259330483808222,0.02758362805869452,0.023414696442371277,0.017070537533378668,0.012614484100742908,0.0066851749296368435,0.003318960963029132,-0.00011485241469199779,-0.0010566710287616028
2016-01-31,0.05059890021039735,0.05038439782935295,0.04998481261116248,0.04931538915314771,0.04639334653795117,0.03917554540566034,0.03319888761443082,0.02343961634845497,0.01591294614632413,0.005721175863151995,0.00039868230305963373,-0.003003590948668336,-0.003113044385422496
2016-02-29,0.014012333350325196,0.014362970328939044,0.015048063738097412,0.01636513284778671,0.017467315608733942,0.016587049554759974,0.015689322972311823,0.013898943627411944,0.012328024028910976,0.009523801216538836,0.0071137289214920196,0.003343479794159914,0.0013516109206500163
2016-03-31,-0.030233365400240474,-0.030363911010580395,-0.030586628094914647,-0.030840236601048898,-0.027276655166063923,-0.02240541344179552,-0.018397051491792032,-0.012147062205928764,-0.0075675988246734155,-0.001473668177679071,0.0022482960765448645,0.0060298427090319994,0.00680840045855124
2016-04-30,-0.07739242850573594,-0.0786781630630661,-0.08122538397969413,-0.07986615382949236,-0.06838433759223064,-0.05906501662363336,-0.05115942873672825,-0.039137302316575064,-0.03076738440020348,-0.020471164096712492,-0.015465646082963781,-0.01297895490963706,-0.013310495168766956
2016-05-31,0.00976192129120318,0.00925685845606545,0.008270655131843595,0.006506819789745761,0.003733416688304055,0.0018293979178744368,0.0005916385787016968,-0.0006938606926285159,-0.0011399002070141022,-0.001108753860229436,-0.0006446544672671522,0.0004416682336642203,0.0008178777333583969
2016-06-30,0.006535602960466028,0.005344426589750488,0.002709337595781934,-0.0017009286339470795,-0.0075483449899604125,-0.010825055124026732,-0.012634360002793237,-0.014183056511719696,-0.014444169935208244,-0.013714048122719346,-0.012448622170018325,-0.009754141135227216,-0.008428247227820995
2016-07-31,-0.01565513914805542,-0.014724251095230251,-0.012615447095458459,-0.007449770919369747,-0.0007057024676784258,0.002727557270174192,0.004261481884546835,0.0047367361025272585,0.003959796680279969,0.0017440507003576103,-0.0001699111183408978,-0.0031129254425040437,-0.0047002760296445765
2016-08-31,-0.00846488106344745,-0.007636815408574564,-0.006121950342166792,-0.0036381905374152966,-0.0005170174701727027,0.0009063486443123522,0.0013670976019641624,0.0009714953393039081,-2.4190317614340916e-05,-0.0019882581086684663,-0.003244338056579775,-0.0039003817502612577,-0.003656920716240558
2016-09-30,-0.021511333778170796,-0.020239427549622095,-0.01775957191935094,-0.013256122942171699,-0.006668837527072309,-0.002409544085527612,0.0003482416203864896,0.003311452124319892,0.004608637192202296,0.005587272275272073,0.0060432199553696764,0.0065794464500956214,0.006523335319125678
2016-10-31,0.011493255377550075,0.010595892091891363,0.008951273261473307,0.006360731392731192,0.003569846595308238,0.0027301893144048295,0.0028087313217924803,0.0039002044142077683,0.005157728545454072,0.007052966592978704,0.008054520869671528,0.00863545868469569,0.008082869134854913
2016-11-30,-0.031261160322488324,-0.030481519102933792,-0.02765920279242201,-0.0226992627193058,-0.015569077670804243,-0.011609061728450928,-0.009687675502812913,-0.008800318636100127,-0.009359464533143565,-0.01100192204473663,-0.011947359423291086,-0.010708889586474148,-0.008366475561343702
2016-12-31,0.0035437557982174427,0.0030940379602576677,0.0023085742807462464,0.0012121019150128246,0.0005527188049209192,0.0010411292230750888,0.001952815095634856,0.00392712157072299,0.005493445406259093,0.007080865806517265,0.007236184622637932,0.005571523021238209,0.004000468471270911
2017-01-31,-0.013114611192038767,-0.012541168748488343,-0.011483249941367174,-0.009762776160825435,-0.007627906640984814,-0.006665948529809498,-0.006249324676166962,-0.0058693284609565265,-0.005504871790658958,-0.0045435185892665556,-0.0034171574303784448,-0.0014362248878822031,-0.00023239000774284707
2017-02-28,0.020984582935824315,0.02049587450241671,0.019512671694901985,0.017788586917443863,0.015305170844219953,0.013834932238119295,0.013024485725016853,0.012348893717172576,0.012101658411645995,0.011655517844678588,0.01075630890090305,0.00773551891061538,0.004663452359047395
2017-03-31,0.014145955254288314,0.014563584716461174,0.014428860107087334,0.01390148745563561,0.012645889244485946,0.011399474666782511,0.010263558394149306,0.008460877351680818,0.00707558481457738,0.005060328996354694,0.0037832971377411194,0.002625106467843196,0.0024772466211901247
2017-04-30,0.02843008730992527,0.02879621830980795,0.029330555632588472,0.027251143952611825,0.023763485255367745,0.02139257160356428,0.019658968395243514,0.017482082294019707,0.01611402990071028,0.014297853904383862,0.012920290975790887,0.010673440842156427,0.00922034378324646
2017-05-31,0.04001336074922986,0.04035774372056912,0.041003607744097774,0.04209220282155591,0.0390017185956605,0.034556740060381945,0.03117455481463813,0.02597627334158551,0.022211996000718635,0.01688118897288454,0.013545025666795153,0.00947474579979052,0.007550257957914136
2017-06-30,-0.01955147112857857,-0.019801024744113264,-0.020299180562337114,-0.021269531101262767,-0.022329702493822334,-0.02063761317518235,-0.019286938581033954,-0.0170005195613285,-0.014920296702439401,-0.011365824492150662,-0.008657163529790528,-0.005075352710598846,-0.0036962186812688506
2017-07-31,-0.0022532882666649774,-0.002103913092122597,-0.0017734018092581667,-0.0010052747299449168,0.0008031921317568215,0.0024460987363879904,0.0038037591146588357,0.00580187238846406,0.0069816147168557325,0.007779945498262635,0.007341270817564745,0.0057525987621677155,0.00441363900874507
2017-08-31,0.022792582479870798,0.02319522533323488,0.02399827947568326,0.02553856563055032,0.025413718313611992,0.023861171481735804,0.022721356516277276,0.021101788707444395,0.019945775822056443,0.017897299773037112,0.015816802014262474,0.012831352131492616,0.011276638489776907
2017-09-30,-0.021796297090504145,-0.021561717423244413,-0.02106660370596848,-0.020003380754072368,-0.017254664149716766,-0.013309922151119834,-0.01055986824536241,-0.007056306919275981,-0.0050672269367909705,-0.003194379696306493,-0.0025349910729265423,-0.0025487978400065433,-0.0028934790814390673
2017-10-31,0.02807042015583729,0.028520433844030864,0.02942378396648259,0.0311281832024682,0.027935858680079674,0.02547505193738721,0.023641074690036682,0.021114867303369568,0.019212638759926633,0.016386160439023904,0.013933536666597095,0.01047565471186962,0.008675517214520544
2017-11-30,0.01156774920925514,0.011667885082893497,0.011835564024484603,0.012041624721998209,0.010818753221213458,0.00881368308095136,0.007077312277578778,0.004235066614423471,0.0021183980769365644,-0.00043842264020234816,-0.0014615629914510827,-0.0013087965189272192,-0.0003070179630622107
2017-12-31,-0.012372785888858385,-0.012306826219420702,-0.012173888202751261,-0.01190408143120018,-0.010331993284825229,-0.008566871392168518,-0.007330172663930301,-0.005680904134326328,-0.004477323765349705,-0.0024593254140507365,-0.0009013615934095091,0.0008398781994836417,0.0017147351440281089
2018-01-31,0.024359796746881737,0.025420328895586358,0.027556550568879665,0.03136210799247399,0.03245813978483926,0.032270895793527175,0.03161003130271297,0.029464520126234774,0.0268838734065753,0.021260495408324743,0.016236076342209103,0.009505078035398795,0.0068668045237120865
2018-02-28,0.017289057561157315,0.017792737970598584,0.018779672264338198,0.02061490315917387,0.019972570309558384,0.018890069033001177,0.01775262085404404,0.015462830212047493,0.013307292986863872,0.00957396032021745,0.006835115435829339,0.004368663832845179,0.004126281131042174
2018-03-31,-0.01055748632001897,-0.010800197647150943,-0.011273712315194606,-0.012095472056807857,-0.011591013717942928,-0.010959443400505009,-0.010307358696515268,-0.008989495193393173,-0.007739526074815185,-0.0055137654447594345,-0.0035679457194605956,-0.0006730025912331295,0.0008637058543426616
2018-04-30,-0.026136461244705367,-0.026635269485103415,-0.027591215960993752,-0.02869270855151299,-0.026544286542400857,-0.024230789050241747,-0.021925477259182667,-0.017686248226837935,-0.014127273596825652,-0.008103002710533732,-0.003747052265893526,0.0012331538897011984,0.002881919229691911
2018-05-31,-0.0019254722916647263,-0.0010428710117173891,0.0007139861479367024,0.0038912129419017795,0.007894927568524212,0.009948358041431422,0.010983887452798624,0.011532704880917942,0.011083273905247213,0.009186627055750577,0.007315549269017053,0.004947524531968349,0.0035624530062748254
2018-06-30,-0.005725474384793761,-0.005969249305389506,-0.006456614697797082,-0.0070496584778730305,-0.007505350558395482,-0.00765727515160883,-0.007626689941877272,-0.007200166749478407,-0.0064541794699134415,-0.004693610989627227,-0.0032789242672250593,-0.002006516549082011,-0.0020491318776676695
2018-07-31,0.02431023248913566,0.024276075013332975,0.023520573620165793,0.02157960306719243,0.01841227213751076,0.016034620222830316,0.014173027491907008,0.011419237177229398,0.00937903449113531,0.006483717663838413,0.004686964264713417,0.0026420559844988023,0.0019276030801610418
2018-08-31,0.016708370316536342,0.017694695269667278,0.01919105143814678,0.020615709913990955,0.021735769444140712,0.02179788700988762,0.02140139849574213,0.020378470045794565,0.01930392166524573,0.017071442329829163,0.015428591192225588,0.01330160287368441,0.011970108764874433
2018-09-30,0.004271627276668435,0.004124901284187772,0.0038320020842241725,0.003089364986160075,0.0018632371079272936,0.0011212259735982502,0.0006960093756649895,0.0003949002060203902,0.0004577091621773368,0.0008480497211363462,0.0011534122821929061,0.0015639464419066548,0.0020904524673181564
2018-10-31,0.011911631960366615,0.01140399872616412,0.010513316256401829,0.008782829515925513,0.006626394098662819,0.005761991306064382,0.005455887187307824,0.0055181686629584056,0.0059212626204835994,0.006614436524826436,0.0067784913989129515,0.006009440790038027,0.005034955614552048
2018-11-30,0.02012055644452591,0.019543337431038418,0.018387025269828907,0.01625285295865468,0.012774847383054939,0.010146007827793126,0.008115824568105404,0.005205733655113032,0.003313295684061665,0.0011577609110645232,-4.235482267625964e-05,-0.0015557172407319377,-0.0022881208606750063
2018-12-31,0.03869563564516022,0.03808816348342023,0.03683489713776421,0.03440062729534121,0.030223449375889624,0.026868828394974335,0.02429676199423274,0.0203324907976774,0.017218274335918257,0.012883236469380843,0.010266770797324139,0.007652849352248786,0.006517380578671233
2019-01-31,-0.048642843385276434,-0.048075087089130566,-0.046795543705603015,-0.041057762710927224,-0.03251968266534711,-0.02673903383968682,-0.022633397302783805,-0.016981335398626292,-0.013210609229087091,-0.008448627763948616,-0.005746788011171531,-0.002912161207329447,-0.0017541346315157625
2019-02-28,0.015059206568961836,0.01532451288430889,0.015728558171858028,0.016083303287726666,0.01573136453307162,0.014871908482859894,0.013975229193223884,0.012306754834052639,0.010821794023759192,0.008586909003457712,0.007078271246638589,0.005264581810288394,0.00461407587625541
2019-03-31,0.01554243811065309,0.015233406649669464,0.014553995669640673,0.013095187894098765,0.010344770348092606,0.00820529684445408,0.006600924107453194,0.004314637712536099,0.0027609806398717204,0.0008086641664292659,-0.00035656254369791427,-0.00201452393866467,-0.0033192278952492165
2019-04-30,0.00548298019296965,0.005334686347551481,0.005092024753794197,0.004760254503522072,0.004304593614129305,0.0038772411010552787,0.0034546188220029024,0.0027935204960216563,0.0024025102934384064,0.0021006002591461436,0.002045850283874582,0.0020207808955384275,0.0016522352007237121
2019-05-31,0.02801633935083341,0.02569979646944233,0.021629310841684367,0.015524624040395197,0.008938449046929217,0.006528021525326396,0.006099116262115303,0.007433495882534581,0.009336432705549067,0.012051037222798867,0.013026692061799195,0.012676073397862057,0.011855456891523916
2019-06-30,-0.007387609529463522,-0.006087175552576057,-0.003842263899416008,-0.0005801328889102564,0.0027024596733366373,0.003832502650923514,0.004096745739173378,0.003822049417915468,0.003362216611316317,0.0027136098103342195,0.0023992657097813667,0.0023623198967986344,0.002640260604875814
2019-07-31,0.021447600747048073,0.02106784144571325,0.02032737391933592,0.01898021247626296,0.01682500605606851,0.015153350402838262,0.013836182283362149,0.011877722066131035,0.010481792092915467,0.008491526490343383,0.007072853923226349,0.005357916099064879,0.004734483484994221
2019-08-31,0.0563553217068103,0.05332876335026386,0.04793720007511756,0.03957731990116667,0.029691426576399445,0.024357381596113312,0.02127260498922328,0.017649597711013945,0.01538143917954621,0.012095141873201293,0.009582329283895288,0.006253445560685462,0.004788527151613574
2019-09-30,-0.010632368593243601,-0.009756911908284005,-0.00764919465172873,-0.003081381629280055,0.004324487514651612,0.008848860064869481,0.011453931583895873,0.013551309204749038,0.013811371252689874,0.012666153933799896,0.011168499893331591,0.0093314371743585,0.00920760216572096
2019-10-31,0.00775034662230608,0.008385196799746253,0.00935405843607289,0.010301442810744082,0.009986866972582437,0.008814234642825334,0.007685268809688203,0.006026845305515709,0.005082014433829095,0.004208493648249803,0.0037893452018476622,0.002862144611650243,0.001826637408695355
2019-11-30,-0.01795377124525873,-0.016430517988408406,-0.013940920889929515,-0.010713474142589219,-0.007945520277322664,-0.0070269653224517776,-0.006549026350754499,-0.005617450814746596,-0.00450953750025884,-0.0022702237809709867,-0.0004703404429490648,0.001666862828538352,0.002330968234308038
2019-12-31,-0.03665965771064432,-0.035532783569222286,-0.03342388813682913,-0.029908143218071653,-0.02488745273122801,-0.02174727091188903,-0.019685355821392456,-0.01696838051187483,-0.015194847381010044,-0.012898512029157372,-0.011594591253575289,-0.010074111770049327,-0.009391516994935248
2020-01-31,0.035599417688743654,0.033970683572642615,0.03091715158515874,0.026188296230843285,0.02085392452163147,0.01867462660933457,0.017768339511876154,0.01656102628861184,0.0150546499437245,0.011435238584347066,0.007878296219589121,0.0025603194718843347,0.00023832033248284248
2020-02-29,0.010717645086197568,0.010431847027636526,0.009685025979013249,0.007969829546558393,0.005264467232076418,0.003746991436186489,0.002955157680404582,0.0023380394394010165,0.002194949984654013,0.002150958835397206,0.0019996443106115253,0.0014465284966187998,0.0010169003091516579
2020-03-31,0.15634418567490543,0.1508589124373058,0.13993514061973605,0.12064495605737124,0.09232861850688517,0.07355422962562369,0.06020380383326831,0.04193738462540694,0.029493587029550655,0.013525218249704827,0.004082415040139142,-0.006073347385983672,-0.010155726021766877
2020-04-30,-0.06951998032475323,-0.06793909377933434,-0.062017664172171506,-0.044021395537185246,-0.019661800488990407,-0.00545219546063053,0.0031198359080959167,0.012689948185664213,0.017632631930774974,0.02216447818451846,0.02382819405765664,0.02461920087873016,0.02447638539053111
2020-05-31,0.04819629156886551,0.04944936200251556,0.046569385635765966,0.038749544790520424,0.02490255333450009,0.016314487994625475,0.010975021585188968,0.005164362308001873,0.002423597183585819,-3.238899232627069e-05,-0.0015299193959982713,-0.003655902497425328,-0.003970552974332399
2020-06-30,0.0031540804130303114,0.005576701926443727,0.010043227809821939,0.01588508649445096,0.01876724937855997,0.017720557231421824,0.01579888501176291,0.011863011065561545,0.008524431301043064,0.004194989182847013,0.0019988899188018807,0.0004411748177019731,-0.00013505278123918172
2020-07-31,0.051345589792577515,0.049897935786600754,0.046760842980800285,0.0395671425308184,0.0265039772092644,0.019800892526269886,0.015967976577649742,0.011543798651656641,0.008689301745990391,0.005136170369018534,0.0033881900677628714,0.002517871229541849,0.002472074593873189
2020-08-31,-0.004783663194628341,-0.0035012550263260425,-0.0011808097614265482,0.0023509044215198056,0.005696785537666086,0.0060165951902212975,0.00546357415845479,0.00392314469308712,0.0025952788388909328,0.0008041608775691131,-0.00019351105041333854,-0.000790828129161575,-0.0004271483331840635
2020-09-30,0.03022862427116654,0.02998633777523859,0.029338528714103314,0.027798401167693915,0.023312695974925725,0.02007982892470762,0.018059240002743497,0.015428619042608947,0.013466895713358967,0.010508867727257497,0.008143503519776434,0.005041695660465044,0.003890884253055032
2020-10-31,-0.03194069300995648,-0.032011382131439454,-0.03205667961186581,-0.03195555626339485,-0.030119556742667638,-0.02728772793154615,-0.02532404153711775,-0.02257683857889721,-0.020596807630105976,-0.01767195478336572,-0.01581970918268551,-0.013801308038498697,-0.01308578081453349
2020-11-30,-0.06952295013117647,-0.06414393851238631,-0.05365741626864438,-0.034965907860383,-0.007162204958623455,0.007127591640470645,0.015208612355353266,0.02384521667013243,0.02792337321366362,0.030683506641307156,0.030283159442900727,0.0280282421934544,0.02637513723531173
2020-12-31,0.03861549680544393,0.04043016077044847,0.042813419274862284,0.0448889322954827,0.04469195362813812,0.041775803988705645,0.03837546736605932,0.03161370603303492,0.02604778363334246,0.019251361686331774,0.015813949117927793,0.013085990748759588,0.012107116499728305
2021-01-31,0.06954929886564731,0.07117831142272983,0.07317053444055445,0.07473401256534447,0.0753823787869211,0.07556322473639887,0.07568570547199827,0.07117260545927295,0.06441763340194004,0.051923614159508705,0.041609980496225614,0.027279842838533807,0.021407385651549836
2021-02-28,0.0072395579326606525,0.009797400295025842,0.013796405072339216,0.018860647936446536,0.023728113325664418,0.026411050058509498,0.028703274982596862,0.033658694218776784,0.03578300595246484,0.03654055852266835,0.035419587435678496,0.03014505088306942,0.025116947561479253
2021-03-31,-0.1046657642659614,-0.10150409203317297,-0.09652464413444589,-0.09033282272904185,-0.08580977698368228,-0.08577091318110097,-0.08747851891005003,-0.08810490929216608,-0.08238615503595206,-0.06874332863918771,-0.05814231706175967,-0.04565047652647128,-0.04067515139980605
2021-04-30,0.01211915662282052,0.01148300734701971,0.010706587116372006,0.010329537037701734,0.011202568057736081,0.012431543571714576,0.01355326686679892,0.015380856185484579,0.016613794538723373,0.01729375899656573,0.01666217431348355,0.013140587355486353,0.01020668783644651
2021-05-31,0.03890727871115284,0.04061281111195937,0.04321362427411131,0.046233786721214566,0.047366252773420776,0.0455326097440096,0.04275667041259191,0.037323336970306736,0.03286003708630504,0.02684761359811513,0.023003390835563346,0.01786067981943418,0.014848049898772787
2021-06-30,-0.0863811506401531,-0.08738342844582571,-0.08908635927778755,-0.09128263914762991,-0.09283850218516836,-0.09268590640247644,-0.0917070252165954,-0.08846701466923085,-0.08434023672935159,-0.07495654849580467,-0.06548660270884817,-0.04860558178551275,-0.039527792678784174
2021-07-31,-0.003091164543639118,-0.005092051093630402,-0.007982809057256766,-0.010845590445525702,-0.011270646388808467,-0.009146281566992353,-0.0060922093309488945,0.0005692231189253682,0.006377031812091469,0.013831508861058373,0.016893778507617162,0.016608645400629975,0.0147158714302045
2021-08-31,-0.005593826056955204,-0.00584845347193208,-0.006053143316213289,-0.006068509004522353,-0.005371543710277892,-0.004351848913989615,-0.0033447487195423977,-0.001693178100651186,-0.0004916898065807756,0.001017786164745985,0.0017185189202417205,0.0017385023409230839,0.0011100857764098707
2021-09-30,-0.03607244710583511,-0.03522670557464362,-0.03377837326004728,-0.031733379575454426,-0.029656414885551482,-0.0283676054319847,-0.026904511279708915,-0.02327748187937598,-0.019544522538537574,-0.013495161901054384,-0.009606047347090257,-0.005852732112624802,-0.004680104994393199
2021-10-31,0.01798685538579419,0.01715175292806083,0.015749049689316175,0.013820320118052789,0.011829898354749898,0.010764733372657945,0.009950895384476308,0.0086892740867649,0.007839881538969529,0.007564859077772254,0.008338144034790806,0.010147764595233809,0.010884506293474216
2021-11-30,0.05702557483632423,0.05654861846342005,0.05542414266436418,0.052831271446475724,0.04712507783207565,0.04103994444146533,0.035655331387300725,0.027477024966888537,0.021767969560935692,0.014599099239496302,0.010339023836969302,0.00534481902460835,0.00329116862561963
2021-12-31,0.0011879438072424772,0.0011420118218519965,0.001133778510608956,0.0010726067794482055,3.9858571565774565e-05,-0.0015165163374313865,-0.0028617223724451565,-0.0045048434263918425,-0.005262159563099143,-0.00581230285055467,-0.00566394704048396,-0.0043358338593569926,-0.0036274157677936457
2022-01-31,0.06498401537758657,0.06901248288711186,0.07668320330723179,0.08975025525227386,0.09682452518914095,0.09851367665131036,0.09806499713128874,0.09333176393241327,0.0866720309430007,0.0730991952680279,0.06179844125445229,0.04577895507042194,0.03947099842641452
2022-02-28,0.005674078573539561,0.0058145659213126415,0.006047073641540301,0.006356662332874897,0.006602768761970706,0.006629977165514323,0.006582945216255108,0.0055329776034309065,0.004185755136092379,0.0029747538190425965,0.0027335125926748476,0.0025076451005324506,0.0021504305372950904
2022-03-31,0.013552463437324644,0.013587452434628697,0.013666269300669793,0.013877652785214285,0.014597226258775508,0.015724191910133106,0.017132410850956608,0.017288670850530825,0.017505716869460775,0.017857052725810462,0.017598853135301917,0.015794743356842045,0.01314650720315808
2022-04-30,0.10896330379095073,0.10951885500192295,0.11051765804016556,0.11212611316541916,0.1139479123562427,0.10641582971776334,0.08992524504666478,0.06536033296372022,0.049685810333509196,0.0304719632014139,0.01961734422668873,0.010458004437774684,0.009015438448252009
2022-05-31,0.0695742288846578,0.06980309388069303,0.07024339165172361,0.0710537229487967,0.07234892798042969,0.07307343900277002,0.07309627009645792,0.06746170562631673,0.053694891694535986,0.03654701070292291,0.027378853926224,0.017943639559404468,0.014115357719403098
2022-06-30,0.00538140243974961,0.004963302466447529,0.004117184712756453,0.002389867373495743,-0.0011502192551733593,-0.004670085602473771,-0.00802488126956714,-0.01391208782528061,-0.01844257153287105,-0.019370081983999865,-0.018197445519955037,-0.013479396070388179,-0.010556796165537754
2022-07-31,-0.05008348427456232,-0.050392131617207014,-0.05105284862528585,-0.05255160989473051,-0.056224411069037826,-0.060596124609912656,-0.0653244476068442,-0.07457724935349164,-0.08017783679745355,-0.07378701358130764,-0.06657538704728289,-0.05110223673320392,-0.042868302002277765
2022-08-31,-0.02504104392288244,-0.02514392995091327,-0.02535656744025909,-0.025783296464525356,-0.026454434632343562,-0.02663736962761472,-0.02619387934603638,-0.019478582806956014,-0.011229621903123587,-0.0009344182807058963,0.004062791767671265,0.007677127807713521,0.008353282297711137
2022-09-30,0.01778497385968466,0.017714648322244536,0.01758839866329642,0.0173955272915698,0.017260095259171975,0.017472335275249305,0.014956900345989852,0.011070501888778778,0.009548354853460995,0.008893154881405557,0.00902617950427825,0.009189231992774827,0.008822004684228751
2022-10-31,0.04492763900336857,0.04516844640370289,0.04564526695562116,0.04657827628921885,0.04832093294695621,0.04968401270687054,0.04195727819680598,0.02636589384584073,0.016291450515129435,0.0061397301769866765,0.0018707451835935393,-0.001787295499697629,-0.002881314597897041
2022-11-30,0.044320082192603985,0.04433282989534749,0.04433223586887783,0.044201315656699665,0.04323384242294809,0.04103635599674631,0.03438362820381337,0.015963444425183007,0.004550955939946563,-0.005111671212110891,-0.007579882904770438,-0.007917022576018631,-0.0077362296118919805
2022-12-31,0.029090442118309585,0.029092424903372355,0.02910554623818261,0.029174321095046255,0.029515848319501763,0.03015246190555607,0.031055736283544445,0.029318379952825515,0.024418141834565615,0.018956703113836588,0.01621069584529285,0.012815639830646654,0.010896829099564928
2023-01-31,-0.07614617884394267,-0.0761963118132916,-0.07633354561211818,-0.0767700979832486,-0.07838360429562212,-0.08108883868925411,-0.08488466046728008,-0.0908833855010903,-0.08221452780892002,-0.07295695181771705,-0.0681930551574069,-0.05986529657416973,-0.05371143648507578
2023-02-28,0.006959615933561863,0.007133964777325532,0.007489002675260143,0.007332662972561279,0.005080709915755834,0.0033468743412716764,0.002115513744258972,0.0007401474124167512,0.00020788247613069265,0.00012011309914889006,0.0003119263189748338,0.0003270750553937067,9.127036253732079e-05
2023-03-31,0.02845493623301586,0.029603204717945055,0.03203778823935221,0.03026879970620509,0.023415363672357605,0.017782741570630794,0.013418329084674442,0.007819579010767727,0.0047685790848859795,0.0019744169068963476,0.0006280334244269003,-0.0017938244822580604,-0.00395909917263333
2023-04-30,0.01689058180895027,0.015760965500472124,0.013241323882734335,0.006138196048086522,-0.005077417554186461,-0.011596499422314971,-0.015223719616751726,-0.018111944274839906,-0.018470086971630214,-0.017230266796177687,-0.015593244032328589,-0.012775046386533763,-0.01122938782834093
2023-05-31,0.00575066538464696,0.009507292782728943,0.017374137328345304,0.029058628452947505,0.042726814393222755,0.04932934548193525,0.052144843345145256,0.05241174411259701,0.049424960526925396,0.040327706208146415,0.0327677777955201,0.022416144536490466,0.017563234291172986
2023-06-30,-0.006246177170427696,-0.005896899348342855,-0.005167574505912826,-0.0035959517700579853,-0.0017056920947521427,-0.0011109004401227292,-0.0012749704883252577,-0.0025127131833869833,-0.003781285792592854,-0.004869355495966164,-0.004396507421530296,-0.0020939225974073022,-0.0006182400370098378
2023-07-31,-0.03739239601934944,-0.03499357696365114,-0.03063227094905697,-0.02356352165944022,-0.014966706350944638,-0.010756227919545116,-0.008810548949513722,-0.007830586892909063,-0.008113086349292547,-0.008598471235286976,-0.0084060899324256,-0.007047441892303579,-0.005551632423304135
2023-08-31,0.035300633452095186,0.03277942697504486,0.02832433085355914,0.021347680829765302,0.01298587810848584,0.0086758260015305,0.006310581671005189,0.0041329765747353305,0.003232867165187667,0.0023675952412652284,0.0017090001829350215,0.00039653601404841647,-0.00042312783578648145
2023-09-30,0.015797504451540153,0.014314477098144686,0.011695097430785962,0.007667489160091073,0.0030614840679768864,0.0010722645325378344,0.00034692229549020457,0.0004548051124834097,0.001215305734744631,0.0026207397290758535,0.0033293373489358623,0.003247068662291164,0.002533106816390945
2023-10-31,0.024059505437356337,0.022619068513666147,0.01915797001149419,0.01104338795021046,0.0015446534248969102,-0.0026512813697126547,-0.004182210341795409,-0.003870956595263919,-0.002133818379214095,0.0011508501444326656,0.0032090699278093174,0.004875133775106205,0.004892564742214299
2023-11-30,-0.0036992534072158843,-0.0019300238391919242,0.001616825463631488,0.00771125608241313,0.014058478218100964,0.01632291623404991,0.016794647951161513,0.015760535540909053,0.013909293746292017,0.010620350758458786,0.008133353438617173,0.004664953340015507,0.0026460846877178357
2023-12-31,-0.048308683656059344,-0.0443297079006954,-0.03729654446517795,-0.02658602665302538,-0.014690646280055219,-0.009763413619975727,-0.007980981274865805,-0.007767510620102224,-0.00839912567001775,-0.008636187726721322,-0.0077671952586608976,-0.005649260722209667,-0.004903769426353418
2024-01-31,0.03379942820658738,0.031319462363227996,0.027149429851945895,0.02133372314751191,0.015969452122407152,0.014641139832646324,0.01475029531489837,0.015773688777008882,0.016449060599248846,0.016204076947065264,0.014990444379314858,0.012519723522418433,0.010832629432166431
2024-02-29,0.03933762954034058,0.03940877748404547,0.03914942268472809,0.03796374925204032,0.03454820328765011,0.03074060839546879,0.027235482796851992,0.02117142911343389,0.01636235134705373,0.009374871444846057,0.004902208636245992,-0.00011730886820623065,-0.002205915987140042
2024-03-31,-0.024937305587505672,-0.025466471791602507,-0.025840930267145762,-0.025671279658027145,-0.023506022224582594,-0.020753210884228962,-0.018059701301092603,-0.013506178723362733,-0.010046688719619442,-0.005319596867429319,-0.0025616325639299825,-8.375324284849402e-05,0.00043830642107951307
2024-04-30,-0.006715770062614346,-0.007921930572344043,-0.00997630871110285,-0.012875190761521247,-0.015625873271028566,-0.016327072403927015,-0.016170951337526364,-0.01505714697795153,-0.013738735182719784,-0.01162057303791309,-0.010203412248053588,-0.00828994149687218,-0.007242843065453188
2024-05-31,-0.022033677222345324,-0.02254705216891458,-0.021889927141793386,-0.02060475216594003,-0.018433965632276027,-0.01664358554382771,-0.015065632084581837,-0.012268396047105903,-0.009826580941906918,-0.005839650574606263,-0.0028794773880849293,0.001056906093170897,0.002771237623224609
2024-06-30,0.03733056442300766,0.038532156157908753,0.04068356733399867,0.03980035868022865,0.03600047754451811,0.032091463030824156,0.02858194603589713,0.022425937487864332,0.017374481567294667,0.010220925709649142,0.0058589651077435015,0.0010860073605879943,-0.000344716807593646
2024-07-31,-0.05589336194472542,-0.057466405622235775,-0.06024594426658593,-0.0637973347336934,-0.05845309064640371,-0.05291293449721783,-0.04752290033596014,-0.038179140913308984,-0.030752441273735432,-0.020478520757967553,-0.01457258128276661,-0.00775737619233445,-0.005178843541918372
2024-08-31,0.025367642637667703,0.024870613294659963,0.023741744631560608,0.018192887747311703,0.010139132885875009,0.005053513557566629,0.001774944786908665,-0.0016915636901714687,-0.0029833962542731764,-0.0030434242037733266,-0.002030987885049416,-0.00024008596952546465,0.0001920079806672967
2024-09-30,-0.004056919251025256,-0.004181537614242085,-0.004485598623487853,-0.005304244827087389,-0.006199265610922176,-0.007131147440830739,-0.00791668318214456,-0.00891332542855545,-0.009300424333671094,-0.009143968584878948,-0.008517067215911459,-0.007023234173561361,-0.006224331290761868
2024-10-31,-0.001404399942029441,-0.0011862260532769279,-0.0008031031439890002,-0.00023468056972121234,0.00031998333626773244,0.0005853162485265679,0.0008933902231217121,0.0017688820768158966,0.0027828720573748033,0.004412737385484649,0.005212413748217074,0.005093761098553562,0.004618046538944671
2024-11-30,0.00914180402057355,0.010778402350636674,0.013747380550893364,0.018530507030647642,0.020963242334329002,0.02096561258194984,0.020319833525148663,0.019101029399024097,0.018391247464307287,0.017815955771499397,0.016894291789484067,0.013684246237550933,0.01150466233347615
2024-12-31,0.013926151623874037,0.014202895949220352,0.014690341497126195,0.015485781255314749,0.01544926128284127,0.01434242304253699,0.013221452257346633,0.011014688331388484,0.009075044460088885,0.0058702297328991375,0.003440610638958094,0.0006243982732190963,-0.00015284344688642917
2025-01-31,0.02593063646433805,0.026417018898078105,0.027321392009881155,0.028946736950524198,0.03139893202240553,0.029495472728166182,0.027753802103594707,0.024643630630232987,0.021950167491566384,0.016969173692712045,0.012021526294538613,0.004547139746843052,0.0013417926042587167
2025-02-28,-0.022539357351547353,-0.02349048564906766,-0.02504470769996986,-0.027022320314439418,-0.028108345525716873,-0.024706599466861975,-0.021000794956343036,-0.015458515249644084,-0.011798202202518166,-0.0069386970737441885,-0.003660790044374502,0.000261230912145012,0.0016868322349641695
2025-03-31,-0.01416761908492498,-0.015700369713287723,-0.0184571601964982,-0.02288793704458068,-0.028798898379095352,-0.028856759913353337,-0.02857314346365305,-0.02815978488760634,-0.02825047966757163,-0.028802771283776486,-0.028054695377557566,-0.0252862382390905,-0.0235327215187217
2025-04-30,0.006425863259378883,0.006637584503625251,0.0067996926256813205,0.006244990103096278,0.0030245777835474262,-0.0010609572467622469,-0.004637435598427689,-0.009146832314348968,-0.011444233441625727,-0.013108907608234473,-0.013068091362662643,-0.011212180187312367,-0.009824369367381592
2025-05-31,-0.004739471084024657,-0.004000984041751242,-0.0027754832812928883,-0.0012058778063070536,-0.0004547816280282666,-0.0012294932887849462,-0.002331456140932882,-0.004104737811498482,-0.005142064428360639,-0.005641493988595113,-0.004847153678452521,-0.0014279854555381529,0.0010809156243010267
2025-06-30,-0.006100792596054562,-0.005015903617677384,-0.0031554659448285362,-0.0005021050063272453,0.001884044683368702,0.0020698655291776003,0.0015683241408988,0.0003007999269559352,-0.0007073180379891812,-0.001893113320681981,-0.002409016508532403,-0.0027773310765962737,-0.002930671527667653
2025-07-31,0.006534450055371756,0.007062971304054928,0.007937799958874309,0.009124884214758374,0.0095872587915172,0.008740335466745406,0.0078028773320484935,0.006155167620132611,0.004996734105760619,0.0036578091751431974,0.002969917972405469,0.0017655246054477656,0.0007554364943961902
2025-08-31,-0.027727649234165083,-0.027343876259735868,-0.026734568106299993,-0.026012795292294107,-0.025701188141758417,-0.02380166554202763,-0.021631189182762894,-0.018124228017025346,-0.015489466147438822,-0.01198878121931261,-0.01030238036638701,-0.009909583730772971,-0.010565212235191562
2025-09-30,0.04356534898901554,0.04384014371184333,0.04424540229068116,0.044679408107658004,0.04109267954597474,0.035669391690418766,0.031283747742469975,0.02535716325509374,0.022040597119248925,0.018288549977430926,0.015899778423173264,0.012278927745448741,0.011199733181510777
2025-10-31,0.05941298208718937,0.05953723069637563,0.05976743617590249,0.060165454603216234,0.060737763408403964,0.06099834991416857,0.060916214203713556,0.04871491184545169,0.038947176986586056,0.02571871633408458,0.017139396353027643,0.007615120126896139,0.003839482924678069
2025-11-30,-0.046582447349221234,-0.04647986109566047,-0.046264062116974015,-0.04579065139680683,-0.04468230497655237,-0.043372644649193264,-0.0418811561233071,-0.038435311854435175,-0.03396595848779142,-0.020522044464486636,-0.012635761425848071,-0.004664713014693241,-0.0021728968114792034
2025-12-31,-0.0041098572722784695,-0.0038486567282142842,-0.0033099843354396827,-0.0021705309102557115,0.000313671013525229,0.0029274948065738083,0.00479623456088151,0.006881542440114616,0.007648438415396937,0.007400577739351684,0.0061051554206298965,0.0032135626684283904,0.0018293611053316775
